region,sector,CO2 shares,CO2 shares without russia,CO2 shares without china,CO2 shares without india,Sectoral CO2 share,Embodied CO2,Embodied value added
LBR,Agriculture,5.220023057809082e-06,5.220023057809082e-06,5.220023057809082e-06,5.220023057809082e-06,0.09970699777012257,1.0488039505642315,9031.011176527736
LBR,Fishing,4.4772187250139925e-07,4.4772187250139925e-07,4.4772187250139925e-07,4.4772187250139925e-07,0.012816799451154414,0.08995601426147129,728.1505737788748
LBR,Mining and Quarrying,1.714543802115627e-06,1.714543802115627e-06,1.714543802115627e-06,1.714543802115627e-06,0.03402800495841214,0.3444851283528671,72.5514496518801
LBR,Food & Beverages,6.87571925985722e-07,6.87571925985722e-07,6.87571925985722e-07,6.87571925985722e-07,0.012612586734665686,0.13814654538586468,53.49880915243144
LBR,Textiles and Wearing Apparel,1.273410602715533e-06,1.273410602715533e-06,1.273410602715533e-06,1.273410602715533e-06,0.03289769061742643,0.25585290640056735,42.239976798963184
LBR,Wood and Paper,1.0298096439569577e-06,1.0298096439569577e-06,1.0298096439569577e-06,1.0298096439569577e-06,0.022893149783163536,0.2069087456032277,113.81718598246066
LBR,"Petroleum, Chemical and Non-Metallic Mineral Products",1.432498198567686e-05,1.432498198567686e-05,1.432498198567686e-05,1.432498198567686e-05,0.034267538201519426,2.878166922244433,257.3241965905238
LBR,Metal Products,3.5478446974123627e-06,3.5478446974123627e-06,3.5478446974123627e-06,3.5478446974123627e-06,0.07324698431818533,0.7128308617464615,382.40419337916614
LBR,Electrical and Machinery,5.098528003799778e-06,5.098528003799778e-06,5.098528003799778e-06,5.098528003799778e-06,0.07678067938687162,1.0243932360505577,1026.7573131688794
LBR,Transport Equipment,1.3641366016957174e-05,1.3641366016957174e-05,1.3641366016957174e-05,1.3641366016957174e-05,0.15404657822994836,2.740815205456629,444.06236873456066
LBR,Other Manufacturing,1.6442451802584194e-06,1.6442451802584194e-06,1.6442451802584194e-06,1.6442451802584194e-06,0.04169374062224781,0.33036077075778675,71.38176863231935
LBR,Recycling,3.2301690848625392e-06,3.2301690848625392e-06,3.2301690848625392e-06,3.2301690848625392e-06,0.08857494301994451,0.6490036652474469,4.730858566649653
LBR,"Electricity, Gas and Water",1.0847343123093967e-05,1.0847343123093967e-05,1.0847343123093967e-05,1.0847343123093967e-05,0.017767256268741823,2.179441775378226,150.64874357522461
LBR,Construction,8.263205910235009e-07,8.263205910235009e-07,8.263205910235009e-07,8.263205910235009e-07,0.014905471159795665,0.16602384523982602,341.7824536941146
LBR,Maintenance and Repair,1.1380387576413865e-06,1.1380387576413865e-06,1.1380387576413865e-06,1.1380387576413865e-06,0.03238252924215957,0.2286540752198245,32.78601555651689
LBR,Wholesale Trade,1.3024583363994075e-06,1.3024583363994075e-06,1.3024583363994075e-06,1.3024583363994075e-06,0.03067375578609638,0.2616891599008291,826.1516014648266
LBR,Retail Trade,1.756937902095261e-07,1.756937902095261e-07,1.756937902095261e-07,1.756937902095261e-07,0.004271130132740153,0.03530029258887878,103.89182357479802
LBR,Hotels and Restraurants,4.4549786144158907e-07,4.4549786144158907e-07,4.4549786144158907e-07,4.4549786144158907e-07,0.009022373928768049,0.08950916727252206,111.01489776913357
LBR,Transport,4.4360895265777516e-05,4.4360895265777516e-05,4.4360895265777516e-05,4.4360895265777516e-05,0.039819755603936434,8.91296488350018,800.8310328530072
LBR,Post and Telecommunications,6.835732669070566e-07,6.835732669070566e-07,6.835732669070566e-07,6.835732669070566e-07,0.016106494304081925,0.13734313716482438,521.9180627283315
LBR,Finacial Intermediation and Business Activities,3.464409943048601e-06,3.464409943048601e-06,3.464409943048601e-06,3.464409943048601e-06,0.021682750438208286,0.6960672001645148,1332.7757894603924
LBR,Public Administration,4.8281930728981614e-08,4.8281930728981614e-08,4.8281930728981614e-08,4.8281930728981614e-08,0.0009448069498674535,0.009700777013555584,20.881367360410568
LBR,"Education, Health and Other Services",3.0702333157121283e-07,3.0702333157121283e-07,3.0702333157121283e-07,3.0702333157121283e-07,0.0032492891370981903,0.06168694649452966,107.9030435225841
LBR,Private Households,8.538895797819451e-07,8.538895797819451e-07,8.538895797819451e-07,8.538895797819451e-07,0.024322055802070017,0.1715629901828089,5.443154478224259
LBR,Others,8.782055294526887e-07,8.782055294526887e-07,8.782055294526887e-07,8.782055294526887e-07,0.02491863231982287,0.1764485364330779,3.244754788893415
LBR,Re-export & Re-import,0.0,0.0,0.0,0.0,,0.0,1.519379761800887e-06
PRK,Agriculture,1.159375345454831e-06,1.159375345454831e-06,1.159375345454831e-06,1.159375345454831e-06,0.0004453859804116613,0.23294100984491667,190.06624021077437
PRK,Fishing,3.159690480354968e-06,3.159690480354968e-06,3.159690480354968e-06,3.159690480354968e-06,0.004107007481417041,0.6348431456445279,346.0231836236003
PRK,Mining and Quarrying,0.0002076809332048479,0.0002076809332048479,0.0002076809332048479,0.0002076809332048479,0.019390175867511177,41.727130472395174,1325.566714795493
PRK,Food & Beverages,1.137726114282473e-06,1.137726114282473e-06,1.137726114282473e-06,1.137726114282473e-06,6.40991909539277e-05,0.22859125910075478,19.88805597727515
PRK,Textiles and Wearing Apparel,1.0880827780278602e-05,1.0880827780278602e-05,1.0880827780278602e-05,1.0880827780278602e-05,0.0017755239951491493,2.186169492928438,119.35161071592343
PRK,Wood and Paper,1.0784984835595204e-05,1.0784984835595204e-05,1.0784984835595204e-05,1.0784984835595204e-05,0.0010687549731900386,2.1669127850740004,158.53056268322482
PRK,"Petroleum, Chemical and Non-Metallic Mineral Products",6.204653916101325e-05,6.204653916101325e-05,6.204653916101325e-05,6.204653916101325e-05,0.0013525387747679387,12.466354012279353,409.1862606080941
PRK,Metal Products,0.00018702928063117795,0.00018702928063117795,0.00018702928063117795,0.00018702928063117795,0.009745560611839028,37.57781263125218,299.01621436062874
PRK,Electrical and Machinery,6.171917341673531e-05,6.171917341673531e-05,6.171917341673531e-05,6.171917341673531e-05,0.0017674560340906883,12.400579880235156,500.061033357176
PRK,Transport Equipment,7.054371512723979e-06,7.054371512723979e-06,7.054371512723979e-06,7.054371512723979e-06,0.0004720723767240012,1.4173601590177656,72.88608667667889
PRK,Other Manufacturing,3.785214941620929e-06,3.785214941620929e-06,3.785214941620929e-06,3.785214941620929e-06,0.0009120619744999745,0.760523151055396,74.27513498636718
PRK,Recycling,2.50016276086846e-06,2.50016276086846e-06,2.50016276086846e-06,2.50016276086846e-06,0.0013500867320216867,0.5023312256695247,13.708780676948207
PRK,"Electricity, Gas and Water",4.383277006059169e-05,4.383277006059169e-05,4.383277006059169e-05,4.383277006059169e-05,0.0007212380699539768,8.806854279110643,363.0056117504661
PRK,Construction,6.294583168261515e-05,6.294583168261515e-05,6.294583168261515e-05,6.294583168261515e-05,0.003119828327021634,12.647039334724045,2371.9368408113537
PRK,Maintenance and Repair,6.036164616314075e-07,6.036164616314075e-07,6.036164616314075e-07,6.036164616314075e-07,0.0009209759923155287,0.12127826306007425,4.397006470352105
PRK,Wholesale Trade,4.460721256886045e-06,4.460721256886045e-06,4.460721256886045e-06,4.460721256886045e-06,0.0010873766023759804,0.8962454810595278,116.39822840133681
PRK,Retail Trade,6.044429749074335e-07,6.044429749074335e-07,6.044429749074335e-07,6.044429749074335e-07,0.00016521704523631085,0.12144432561947101,21.887128067680283
PRK,Hotels and Restraurants,5.751676887706735e-07,5.751676887706735e-07,5.751676887706735e-07,5.751676887706735e-07,0.000183271927937879,0.11556235241473595,11.321934910639971
PRK,Transport,4.16973243902506e-05,4.16973243902506e-05,4.16973243902506e-05,4.16973243902506e-05,0.0017940712636482507,8.377801795919307,100.87345086988655
PRK,Post and Telecommunications,2.8468077371136058e-06,2.8468077371136058e-06,2.8468077371136058e-06,2.8468077371136058e-06,0.000762681994850874,0.5719789296169754,55.67814993829785
PRK,Finacial Intermediation and Business Activities,0.00011307534286177665,0.00011307534286177665,0.00011307534286177665,0.00011307534286177665,0.001165744059068819,22.71903112140885,1139.6745246758633
PRK,Public Administration,2.7473074849419755e-07,2.7473074849419755e-07,2.7473074849419755e-07,2.7473074849419755e-07,9.80630502429147e-05,0.05519873977014933,13.619094480786236
PRK,"Education, Health and Other Services",9.676570457997594e-07,9.676570457997594e-07,9.676570457997594e-07,9.676570457997594e-07,0.0001884697936567257,0.1944210822800583,134.1857813387473
PRK,Private Households,7.068580380557058e-08,7.068580380557058e-08,7.068580380557058e-08,7.068580380557058e-08,0.00012433442967615176,0.014202149963530307,0.38604597070148366
PRK,Others,1.6157044042935854e-06,1.6157044042935854e-06,1.6157044042935854e-06,1.6157044042935854e-06,0.0022027115367862075,0.3246263749030968,8.368211263827643
PRK,Re-export & Re-import,0.0,0.0,0.0,0.0,,0.0,2.415639960961001e-06
MOZ,Agriculture,2.749542784525782e-05,2.749542784525782e-05,2.749542784525782e-05,2.749542784525782e-05,0.20366075279969623,5.524365127740185,76780.71478774388
MOZ,Fishing,4.08686214928216e-06,4.08686214928216e-06,4.08686214928216e-06,4.08686214928216e-06,0.12353692536335534,0.8211299299083141,8683.101641476838
MOZ,Mining and Quarrying,1.459523482933402e-05,1.459523482933402e-05,1.459523482933402e-05,1.459523482933402e-05,0.07502741350623598,2.9324659640187454,6887.846680491891
MOZ,Food & Beverages,1.286937166389038e-05,1.286937166389038e-05,1.286937166389038e-05,1.286937166389038e-05,0.046087879488256614,2.5857065558696357,2071.341394204564
MOZ,Textiles and Wearing Apparel,5.019484778804451e-06,5.019484778804451e-06,5.019484778804451e-06,5.019484778804451e-06,0.07082132226490008,1.008511917956298,1174.5928761600471
MOZ,Wood and Paper,3.2669811319571863e-06,3.2669811319571863e-06,3.2669811319571863e-06,3.2669811319571863e-06,0.02697013357341126,0.6563999200136904,1126.9200612314164
MOZ,"Petroleum, Chemical and Non-Metallic Mineral Products",3.592694103367133e-05,3.592694103367133e-05,3.592694103367133e-05,3.592694103367133e-05,0.018646025066904826,7.218419779091484,1205.109381496619
MOZ,Metal Products,0.0001407450573590664,0.0001407450573590664,0.0001407450573590664,0.0001407450573590664,0.03198699823038648,28.278413820366126,1759.7103297477206
MOZ,Electrical and Machinery,2.5536665415127902e-06,2.5536665415127902e-06,2.5536665415127902e-06,2.5536665415127902e-06,0.007958062121146947,0.5130811736847828,1326.4895846633785
MOZ,Transport Equipment,7.296890227821714e-07,7.296890227821714e-07,7.296890227821714e-07,7.296890227821714e-07,0.003827200584482248,0.146608687605779,202.15962383340437
MOZ,Other Manufacturing,8.662043613520153e-07,8.662043613520153e-07,8.662043613520153e-07,8.662043613520153e-07,0.010687473022948646,0.174037268824491,216.38606005373433
MOZ,Recycling,1.2865966395893186e-06,1.2865966395893186e-06,1.2865966395893186e-06,1.2865966395893186e-06,0.018545808622071346,0.2585022371434312,60.73863598580096
MOZ,"Electricity, Gas and Water",1.2245581994615101e-06,1.2245581994615101e-06,1.2245581994615101e-06,1.2245581994615101e-06,0.012853095291856931,0.24603751038412122,3423.3833717002176
MOZ,Construction,2.2441265728076392e-06,2.2441265728076392e-06,2.2441265728076392e-06,2.2441265728076392e-06,0.005281542211218001,0.4508885859432739,668.9601364728723
MOZ,Maintenance and Repair,1.1032380541835119e-06,1.1032380541835119e-06,1.1032380541835119e-06,1.1032380541835119e-06,0.03310712545699482,0.2216619384294647,710.9059942255042
MOZ,Wholesale Trade,8.785778113825643e-07,8.785778113825643e-07,8.785778113825643e-07,8.785778113825643e-07,0.017257634159010396,0.1765233350986112,6177.266601412816
MOZ,Retail Trade,3.253491002601141e-07,3.253491002601141e-07,3.253491002601141e-07,3.253491002601141e-07,0.006106257227197571,0.06536894911888452,1689.534205936069
MOZ,Hotels and Restraurants,7.815492108962087e-07,7.815492108962087e-07,7.815492108962087e-07,7.815492108962087e-07,0.015432190835165355,0.15702840598032486,2115.6916347378296
MOZ,Transport,0.00038719501816093457,0.00038719501816093457,0.00038719501816093457,0.00038719501816093457,0.04652030693917412,77.79499442602462,11215.394718737733
MOZ,Post and Telecommunications,1.1228861868011673e-06,1.1228861868011673e-06,1.1228861868011673e-06,1.1228861868011673e-06,0.01840653450046528,0.22560962963358294,4658.730695136763
MOZ,Finacial Intermediation and Business Activities,3.411119619502058e-06,3.411119619502058e-06,3.411119619502058e-06,3.411119619502058e-06,0.010825370689394086,0.6853601398233066,4627.423780259085
MOZ,Public Administration,8.954386561493399e-08,8.954386561493399e-08,8.954386561493399e-08,8.954386561493399e-08,0.0012823133975627592,0.017991100607351044,372.3979160995984
MOZ,"Education, Health and Other Services",1.1413983572732794e-06,1.1413983572732794e-06,1.1413983572732794e-06,1.1413983572732794e-06,0.005710379869994099,0.2293290839941578,2255.8741468814287
MOZ,Private Households,1.302444016188497e-06,1.302444016188497e-06,1.302444016188497e-06,1.302444016188497e-06,0.0341817544104231,0.26168628269250843,128.73600709562368
MOZ,Others,6.087215273002165e-07,6.087215273002165e-07,6.087215273002165e-07,6.087215273002165e-07,0.017846660840534136,0.12230396983991826,29.820520998273707
MOZ,Re-export & Re-import,0.0,0.0,0.0,0.0,,0.0,7.58209543634285
NER,Agriculture,4.004230943881564e-06,4.004230943881564e-06,4.004230943881564e-06,4.004230943881564e-06,0.06714088308371617,0.8045277169095839,15407.691272700438
NER,Fishing,2.219079026680035e-07,2.219079026680035e-07,2.219079026680035e-07,2.219079026680035e-07,0.028360990904687775,0.04458560477648703,1526.1956757521443
NER,Mining and Quarrying,3.3120646970030097e-07,3.3120646970030097e-07,3.3120646970030097e-07,3.3120646970030097e-07,0.008382599163484716,0.06654580832826905,107.73232618918922
NER,Food & Beverages,1.278198247333546e-09,1.278198247333546e-09,1.278198247333546e-09,1.278198247333546e-09,2.9500297183425365e-05,0.00025681483713030953,1.1728079147648225
NER,Textiles and Wearing Apparel,4.4458869991395905e-08,4.4458869991395905e-08,4.4458869991395905e-08,4.4458869991395905e-08,0.003999742940520174,0.008932649907521345,20.86377910577657
NER,Wood and Paper,1.6141002172381505e-07,1.6141002172381505e-07,1.6141002172381505e-07,1.6141002172381505e-07,0.009514763764757551,0.03243040625871258,85.04038954318652
NER,"Petroleum, Chemical and Non-Metallic Mineral Products",7.402635997162072e-05,7.402635997162072e-05,7.402635997162072e-05,7.402635997162072e-05,0.360947944547785,14.873332535950894,7440.003412196765
NER,Metal Products,1.2469398674144465e-07,1.2469398674144465e-07,1.2469398674144465e-07,1.2469398674144465e-07,0.008109983519856624,0.025053442189376284,84.14432301192043
NER,Electrical and Machinery,1.9500930310961333e-07,1.9500930310961333e-07,1.9500930310961333e-07,1.9500930310961333e-07,0.005536595000500444,0.039181154035741524,190.85750285725132
NER,Transport Equipment,2.355512117050289e-08,2.355512117050289e-08,2.355512117050289e-08,2.355512117050289e-08,0.0010286983441989393,0.00473268103723885,14.208690139579005
NER,Other Manufacturing,5.3541625965630014e-08,5.3541625965630014e-08,5.3541625965630014e-08,5.3541625965630014e-08,0.00435740111587306,0.01075755187486741,26.437790512370093
NER,Recycling,2.7575328191914295e-08,2.7575328191914295e-08,2.7575328191914295e-08,2.7575328191914295e-08,0.0030163971032866484,0.005540418658212507,1.0451936618772368
NER,"Electricity, Gas and Water",3.633538165907453e-07,3.633538165907453e-07,3.633538165907453e-07,3.633538165907453e-07,0.00028468163275053107,0.07300483428379961,25.98087138154844
NER,Construction,5.4473522806211546e-08,5.4473522806211546e-08,5.4473522806211546e-08,5.4473522806211546e-08,0.0011119791313522176,0.010944788037829965,103.211567815937
NER,Maintenance and Repair,1.465800054504096e-07,1.465800054504096e-07,1.465800054504096e-07,1.465800054504096e-07,0.017656632212998707,0.029450768145579877,95.54197913407944
NER,Wholesale Trade,1.0485962148312699e-07,1.0485962148312699e-07,1.0485962148312699e-07,1.0485962148312699e-07,0.004040351719262331,0.021068333233059042,512.4095260920068
NER,Retail Trade,3.5695745315721604e-08,3.5695745315721604e-08,3.5695745315721604e-08,3.5695745315721604e-08,0.0015864553607150738,0.0071719680719526694,149.07809972764298
NER,Hotels and Restraurants,4.599537561390294e-09,4.599537561390294e-09,4.599537561390294e-09,4.599537561390294e-09,0.00016157670893648805,0.0009241363709951541,19.495037816731966
NER,Transport,8.69159843600162e-07,8.69159843600162e-07,8.69159843600162e-07,8.69159843600162e-07,0.0004505571301175793,0.17463108257269688,39.74310377911553
NER,Post and Telecommunications,9.015267805829411e-08,9.015267805829411e-08,9.015267805829411e-08,9.015267805829411e-08,0.004589545830786975,0.018113422843992033,132.92196739666934
NER,Finacial Intermediation and Business Activities,9.16943756264443e-08,9.16943756264443e-08,9.16943756264443e-08,9.16943756264443e-08,0.0010567954651839523,0.018423179809075218,103.65810815259137
NER,Public Administration,2.8757012809601487e-08,2.8757012809601487e-08,2.8757012809601487e-08,2.8757012809601487e-08,0.0005081391584659753,0.005777842033861634,41.019228683670775
NER,"Education, Health and Other Services",8.252198673086344e-08,8.252198673086344e-08,8.252198673086344e-08,8.252198673086344e-08,0.000768826797589074,0.016580268848096755,127.12704863494857
NER,Private Households,4.695191973329378e-07,4.695191973329378e-07,4.695191973329378e-07,4.695191973329378e-07,0.057778597076017006,0.09433551989619249,25.202966265961543
NER,Others,1.0258107504963718e-07,1.0258107504963718e-07,1.0258107504963718e-07,1.0258107504963718e-07,0.011618929760569954,0.020610529029031027,3.8270895602555743
NER,Re-export & Re-import,0.0,0.0,0.0,0.0,,0.0,1.1649766982473655e-05
SUD,Agriculture,0.0,0.0,0.0,0.0,,0.0,1892.630603927739
SUD,Fishing,0.0,0.0,0.0,0.0,,0.0,6870.630183800998
SUD,Mining and Quarrying,0.0,0.0,0.0,0.0,,0.0,112.66720788721346
SUD,Food & Beverages,0.0,0.0,0.0,0.0,,0.0,96.24729850591488
SUD,Textiles and Wearing Apparel,0.0,0.0,0.0,0.0,,0.0,131.3274610757806
SUD,Wood and Paper,0.0,0.0,0.0,0.0,,0.0,259.67397939349513
SUD,"Petroleum, Chemical and Non-Metallic Mineral Products",0.0,0.0,0.0,0.0,,0.0,296.21396635718713
SUD,Metal Products,0.0,0.0,0.0,0.0,,0.0,295.61931479780657
SUD,Electrical and Machinery,0.0,0.0,0.0,0.0,,0.0,325.0832096255967
SUD,Transport Equipment,0.0,0.0,0.0,0.0,,0.0,125.60143945850884
SUD,Other Manufacturing,0.0,0.0,0.0,0.0,,0.0,126.95773579985159
SUD,Recycling,0.0,0.0,0.0,0.0,,0.0,17.615214007553234
SUD,"Electricity, Gas and Water",0.0,0.0,0.0,0.0,,0.0,136.6590624071294
SUD,Construction,0.0,0.0,0.0,0.0,,0.0,221.81077574726575
SUD,Maintenance and Repair,0.0,0.0,0.0,0.0,,0.0,239.65946147880769
SUD,Wholesale Trade,0.0,0.0,0.0,0.0,,0.0,857.4086953440958
SUD,Retail Trade,0.0,0.0,0.0,0.0,,0.0,398.51867716688326
SUD,Hotels and Restraurants,0.0,0.0,0.0,0.0,,0.0,284.63119221900064
SUD,Transport,0.0,0.0,0.0,0.0,,0.0,694.7914081522864
SUD,Post and Telecommunications,0.0,0.0,0.0,0.0,,0.0,493.8429344283632
SUD,Finacial Intermediation and Business Activities,0.0,0.0,0.0,0.0,,0.0,764.3442575302967
SUD,Public Administration,0.0,0.0,0.0,0.0,,0.0,159.28164463344427
SUD,"Education, Health and Other Services",0.0,0.0,0.0,0.0,,0.0,208.64845397208205
SUD,Private Households,0.0,0.0,0.0,0.0,,0.0,41.10382836447358
SUD,Others,0.0,0.0,0.0,0.0,,0.0,13.841924091780747
SUD,Re-export & Re-import,0.0,0.0,0.0,0.0,,0.0,0.012312888361010306
TGO,Agriculture,1.0967897106245061e-05,1.0967897106245061e-05,1.0967897106245061e-05,1.0967897106245061e-05,0.2575745269081114,2.203663410490732,30492.702793489854
TGO,Fishing,2.785500262373485e-07,2.785500262373485e-07,2.785500262373485e-07,2.785500262373485e-07,0.050878278908341304,0.055966106799175436,1551.5636422772131
TGO,Mining and Quarrying,3.460556713678206e-07,3.460556713678206e-07,3.460556713678206e-07,3.460556713678206e-07,0.03530843579947724,0.06952930115945899,365.4917423347087
TGO,Food & Beverages,3.1061184730482326e-07,3.1061184730482326e-07,3.1061184730482326e-07,3.1061184730482326e-07,0.05673449905168586,0.06240794895685445,616.7323719413511
TGO,Textiles and Wearing Apparel,1.4828238830065327e-07,1.4828238830065327e-07,1.4828238830065327e-07,1.4828238830065327e-07,0.027084372638784705,0.029792809902663177,182.49233609032026
TGO,Wood and Paper,1.7298742368124444e-07,1.7298742368124444e-07,1.7298742368124444e-07,1.7298742368124444e-07,0.03159684638546865,0.03475653102401551,562.2437636369447
TGO,"Petroleum, Chemical and Non-Metallic Mineral Products",3.409229446646529e-05,3.409229446646529e-05,3.409229446646529e-05,3.409229446646529e-05,0.020896064848248855,6.849803674092437,485.2254322347019
TGO,Metal Products,1.306479547208273e-07,1.306479547208273e-07,1.306479547208273e-07,1.306479547208273e-07,0.023863372654744117,0.02624970992021853,534.0384166405187
TGO,Electrical and Machinery,5.949761248695042e-08,5.949761248695042e-08,5.949761248695042e-08,5.949761248695042e-08,0.010867477427239926,0.01195422516996392,497.83044695991924
TGO,Transport Equipment,5.4550676277904534e-08,5.4550676277904534e-08,5.4550676277904534e-08,5.4550676277904534e-08,0.009963899698005945,0.01096028966780654,109.48731544156851
TGO,Other Manufacturing,3.4217643412198205e-07,3.4217643412198205e-07,3.4217643412198205e-07,3.4217643412198205e-07,0.062499897365960476,0.06874988710255653,500.50480309737446
TGO,Recycling,2.5643051725661503e-07,2.5643051725661503e-07,2.5643051725661503e-07,2.5643051725661503e-07,0.04683806192312238,0.05152186811543462,22.33102962114898
TGO,"Electricity, Gas and Water",1.1686259316951672e-05,1.1686259316951672e-05,1.1686259316951672e-05,1.1686259316951672e-05,0.014290647898713416,2.3479963217023103,331.201484765372
TGO,Construction,5.7851346161321664e-08,5.7851346161321664e-08,5.7851346161321664e-08,5.7851346161321664e-08,0.010566780283519754,0.01162345831187173,1257.457420519134
TGO,Maintenance and Repair,2.9531810015085875e-07,2.9531810015085875e-07,2.9531810015085875e-07,2.9531810015085875e-07,0.05394103482637635,0.05933513830901399,303.1923079624445
TGO,Wholesale Trade,1.1972316860505733e-07,1.1972316860505733e-07,1.1972316860505733e-07,1.1972316860505733e-07,0.021867916676798875,0.024054708344478766,1833.7319661413023
TGO,Retail Trade,4.4076213696812106e-08,4.4076213696812106e-08,4.4076213696812106e-08,4.4076213696812106e-08,0.008050697118869552,0.008855766830756508,493.7508644396934
TGO,Hotels and Restraurants,8.156061739111591e-08,8.156061739111591e-08,8.156061739111591e-08,8.156061739111591e-08,0.01489737371636734,0.016387111088004076,515.4103974146474
TGO,Transport,0.0003384554580802166,0.0003384554580802166,0.0003384554580802166,0.0003384554580802166,0.03854068899004642,68.00227079332963,4591.583523518171
TGO,Post and Telecommunications,1.057805179362962e-07,1.057805179362962e-07,1.057805179362962e-07,1.057805179362962e-07,0.019321235640616358,0.021253359204677996,1714.5336046477069
TGO,Finacial Intermediation and Business Activities,6.100126287626509e-08,6.100126287626509e-08,6.100126287626509e-08,6.100126287626509e-08,0.011142125198491616,0.01225633771834078,2629.5638310944187
TGO,Public Administration,1.556865870293077e-08,1.556865870293077e-08,1.556865870293077e-08,1.556865870293077e-08,0.002843677921758817,0.003128045713934699,332.50557203541496
TGO,"Education, Health and Other Services",2.814534661975254e-07,2.814534661975254e-07,2.814534661975254e-07,2.814534661975254e-07,0.005533009950863986,0.056549464241611266,952.8894407278448
TGO,Private Households,3.358887013334765e-07,3.358887013334765e-07,3.358887013334765e-07,3.358887013334765e-07,0.06135141776667256,0.06748655954333982,177.9461061471678
TGO,Others,1.2151802006315944e-07,1.2151802006315944e-07,1.2151802006315944e-07,1.2151802006315944e-07,0.022195753490594588,0.024415328839654048,29.054907191793035
TGO,Re-export & Re-import,0.0,0.0,0.0,0.0,,0.0,0.058050938308709214
GMB,Agriculture,9.596412155536303e-07,9.596412155536303e-07,9.596412155536303e-07,9.596412155536303e-07,0.02417408531857294,0.19281054640002698,853.8770416226333
GMB,Fishing,1.1251540120560586e-06,1.1251540120560586e-06,1.1251540120560586e-06,1.1251540120560586e-06,0.03303978503810862,0.22606527974473734,337.08840685130315
GMB,Mining and Quarrying,1.096238864576756e-06,1.096238864576756e-06,1.096238864576756e-06,1.096238864576756e-06,0.027600919069596816,0.22025566538641145,48.82078165949355
GMB,Food & Beverages,1.2414231422023197e-06,1.2414231422023197e-06,1.2414231422023197e-06,1.2414231422023197e-06,0.03219579881163466,0.2494260047215436,173.37341072668832
GMB,Textiles and Wearing Apparel,1.2984364136415258e-06,1.2984364136415258e-06,1.2984364136415258e-06,1.2984364136415258e-06,0.037519775543140926,0.2608810775550969,68.96547462360276
GMB,Wood and Paper,4.4045169482621945e-07,4.4045169482621945e-07,4.4045169482621945e-07,4.4045169482621945e-07,0.01221871903124812,0.08849529445571763,65.50137585957303
GMB,"Petroleum, Chemical and Non-Metallic Mineral Products",6.165234289412832e-07,6.165234289412832e-07,6.165234289412832e-07,6.165234289412832e-07,0.01137606110275138,0.12387152331093655,113.30090439835163
GMB,Metal Products,5.827921431422865e-07,5.827921431422865e-07,5.827921431422865e-07,5.827921431422865e-07,0.016298512835277425,0.11709425328515104,103.25531642481967
GMB,Electrical and Machinery,3.9337307191566485e-07,3.9337307191566485e-07,3.9337307191566485e-07,3.9337307191566485e-07,0.010188712137117868,0.07903628533853621,176.86992947308391
GMB,Transport Equipment,3.019994575444956e-07,3.019994575444956e-07,3.019994575444956e-07,3.019994575444956e-07,0.008331097982424684,0.0606775526914744,36.759470249812075
GMB,Other Manufacturing,4.7542200070046015e-07,4.7542200070046015e-07,4.7542200070046015e-07,4.7542200070046015e-07,0.013706958921734869,0.09552150766343037,29.685846284747292
GMB,Recycling,1.4477458335454986e-06,1.4477458335454986e-06,1.4477458335454986e-06,1.4477458335454986e-06,0.04234909116389712,0.2908802380410787,4.166074903611913
GMB,"Electricity, Gas and Water",1.937355318632352e-06,1.937355318632352e-06,1.937355318632352e-06,1.937355318632352e-06,0.009167130771344163,0.3892522866902922,68.99118448598217
GMB,Construction,2.7782675631180324e-07,2.7782675631180324e-07,2.7782675631180324e-07,2.7782675631180324e-07,0.007273095247642178,0.05582078783279629,746.4814038370025
GMB,Maintenance and Repair,1.8276344834134528e-06,1.8276344834134528e-06,1.8276344834134528e-06,1.8276344834134528e-06,0.05357762828886617,0.36720724126379023,307.0844627478996
GMB,Wholesale Trade,3.5977969452537934e-07,3.5977969452537934e-07,3.5977969452537934e-07,3.5977969452537934e-07,0.010141117014041452,0.07228672378879963,1143.309532163033
GMB,Retail Trade,2.0327492569083252e-07,2.0327492569083252e-07,2.0327492569083252e-07,2.0327492569083252e-07,0.005758728011912712,0.040841878044246986,605.5129742685859
GMB,Hotels and Restraurants,3.528602440476036e-07,3.528602440476036e-07,3.528602440476036e-07,3.528602440476036e-07,0.009914194166563993,0.07089647188445829,573.0602512157318
GMB,Transport,2.5693841830792232e-05,2.5693841830792232e-05,2.5693841830792232e-05,2.5693841830792232e-05,0.026881027536966043,5.1623915294768405,630.3143979950408
GMB,Post and Telecommunications,5.459086858898581e-07,5.459086858898581e-07,5.459086858898581e-07,5.459086858898581e-07,0.015438297051517228,0.10968365083217071,424.23977148657787
GMB,Finacial Intermediation and Business Activities,3.3922709938224984e-07,3.3922709938224984e-07,3.3922709938224984e-07,3.3922709938224984e-07,0.0055946861276931995,0.06815730850811143,566.1486680057857
GMB,Public Administration,2.234031888901358e-07,2.234031888901358e-07,2.234031888901358e-07,2.234031888901358e-07,0.005958634583752467,0.04488603680133231,183.78157060321897
GMB,"Education, Health and Other Services",2.832509407167903e-07,2.832509407167903e-07,2.832509407167903e-07,2.832509407167903e-07,0.004889419442769447,0.05691061176068658,341.1000796439807
GMB,Private Households,2.173174636393421e-06,2.173174636393421e-06,2.173174636393421e-06,2.173174636393421e-06,0.06372356347096368,0.4366329647731546,33.40389197147916
GMB,Others,7.606779574529157e-07,7.606779574529157e-07,7.606779574529157e-07,7.606779574529157e-07,0.02226925501061956,0.15283496606212257,6.222096657732138
GMB,Re-export & Re-import,0.0,0.0,0.0,0.0,,0.0,0.0018131319253424673
MLI,Agriculture,1.3596742101130577e-05,1.3596742101130577e-05,1.3596742101130577e-05,1.3596742101130577e-05,0.1476480612631281,2.731849394637352,95782.69324680026
MLI,Fishing,2.508251634164487e-07,2.508251634164487e-07,2.508251634164487e-07,2.508251634164487e-07,0.018475162773875353,0.05039564373160127,2241.1111451221755
MLI,Mining and Quarrying,1.7076563336253704e-07,1.7076563336253704e-07,1.7076563336253704e-07,1.7076563336253704e-07,0.007870615514907984,0.03431013022505741,32.929081191272026
MLI,Food & Beverages,1.67889147749068e-07,1.67889147749068e-07,1.67889147749068e-07,1.67889147749068e-07,0.007158859587654086,0.03373218843404668,661.7792980019192
MLI,Textiles and Wearing Apparel,5.237657423852953e-07,5.237657423852953e-07,5.237657423852953e-07,5.237657423852953e-07,0.03411733130222954,0.10523470369773921,1225.8357136891075
MLI,Wood and Paper,1.5850851676787483e-07,1.5850851676787483e-07,1.5850851676787483e-07,1.5850851676787483e-07,0.008526734224589879,0.03184743759618544,685.3908344004487
MLI,"Petroleum, Chemical and Non-Metallic Mineral Products",8.649237634093046e-07,8.649237634093046e-07,8.649237634093046e-07,8.649237634093046e-07,0.007678183406460442,0.17377997184198246,1139.5115211693876
MLI,Metal Products,2.1684069730640058e-07,2.1684069730640058e-07,2.1684069730640058e-07,2.1684069730640058e-07,0.011258916908003907,0.04356750486721192,909.7261156251698
MLI,Electrical and Machinery,2.0667463753900896e-07,2.0667463753900896e-07,2.0667463753900896e-07,2.0667463753900896e-07,0.007181364251959658,0.04152494614139137,1914.6737927647282
MLI,Transport Equipment,5.260699034734361e-08,5.260699034734361e-08,5.260699034734361e-08,5.260699034734361e-08,0.0024835383660693497,0.010569765438305527,227.52092337699884
MLI,Other Manufacturing,2.2211698448323468e-07,2.2211698448323468e-07,2.2211698448323468e-07,2.2211698448323468e-07,0.014138707207403397,0.04462761337134898,616.5579161590059
MLI,Recycling,1.8354533652144174e-07,1.8354533652144174e-07,1.8354533652144174e-07,1.8354533652144174e-07,0.012803976354939326,0.036877820637850924,42.81432025493677
MLI,"Electricity, Gas and Water",2.3904665688659193e-06,2.3904665688659193e-06,2.3904665688659193e-06,2.3904665688659193e-06,0.005904472495450015,0.48029113154350284,144.4523291539351
MLI,Construction,6.787965325925014e-08,6.787965325925014e-08,6.787965325925014e-08,6.787965325925014e-08,0.0025501042141078843,0.013638339852681081,1131.116574897051
MLI,Maintenance and Repair,3.6308401229328965e-07,3.6308401229328965e-07,3.6308401229328965e-07,3.6308401229328965e-07,0.025813654036896488,0.07295062536366324,559.8258778289814
MLI,Wholesale Trade,2.1082377944655418e-07,2.1082377944655418e-07,2.1082377944655418e-07,2.1082377944655418e-07,0.008323165990119594,0.04235858928355624,3246.309400624316
MLI,Retail Trade,6.428162628303319e-08,6.428162628303319e-08,6.428162628303319e-08,6.428162628303319e-08,0.002656893788876549,0.012915426397107794,937.3229028839689
MLI,Hotels and Restraurants,1.3889005500983618e-07,1.3889005500983618e-07,1.3889005500983618e-07,1.3889005500983618e-07,0.005823321879037834,0.027905707843662045,1117.5187618748764
MLI,Transport,2.8606127868373052e-05,2.8606127868373052e-05,2.8606127868373052e-05,2.8606127868373052e-05,0.015919724032720052,5.747526320561422,2920.7599288350825
MLI,Post and Telecommunications,1.8812246103968196e-07,1.8812246103968196e-07,1.8812246103968196e-07,1.8812246103968196e-07,0.007553085741980869,0.03779745379345035,1442.0275767732458
MLI,Finacial Intermediation and Business Activities,4.796415478602605e-07,4.796415478602605e-07,4.796415478602605e-07,4.796415478602605e-07,0.004224899415678026,0.09636929658730692,2252.733268037186
MLI,Public Administration,4.493792432564071e-08,4.493792432564071e-08,4.493792432564071e-08,4.493792432564071e-08,0.0011412606741077694,0.009028901221495762,272.22262607357806
MLI,"Education, Health and Other Services",3.678141043659659e-07,3.678141043659659e-07,3.678141043659659e-07,3.678141043659659e-07,0.0022754485073528904,0.07390099266997886,881.3312667649362
MLI,Private Households,4.159543175307976e-07,4.159543175307976e-07,4.159543175307976e-07,4.159543175307976e-07,0.029586201016881166,0.0835732958742239,157.38379630929936
MLI,Others,1.2517148236697287e-07,1.2517148236697287e-07,1.2517148236697287e-07,1.2517148236697287e-07,0.008660198272985031,0.025149380328515717,19.501900490934993
MLI,Re-export & Re-import,0.0,0.0,0.0,0.0,,0.0,0.07798727928928602
BFA,Agriculture,8.365157746021234e-05,8.365157746021234e-05,8.365157746021234e-05,8.365157746021234e-05,0.32803316922709314,16.807225550460267,51068.859851612324
BFA,Fishing,9.178055981944441e-06,9.178055981944441e-06,9.178055981944441e-06,9.178055981944441e-06,0.04598650338965419,1.8440495886244552,1171.8786645288967
BFA,Mining and Quarrying,5.084141369520954e-06,5.084141369520954e-06,5.084141369520954e-06,5.084141369520954e-06,0.02451521516061029,1.0215026819859772,524.38290380697
BFA,Food & Beverages,2.0192043104919413e-06,2.0192043104919413e-06,2.0192043104919413e-06,2.0192043104919413e-06,0.008421727198314162,0.40569733780622863,359.13276595402976
BFA,Textiles and Wearing Apparel,5.4503392968436406e-05,5.4503392968436406e-05,5.4503392968436406e-05,5.4503392968436406e-05,0.2612123465860713,10.95078953318707,5430.761412932373
BFA,Wood and Paper,5.139316366965795e-06,5.139316366965795e-06,5.139316366965795e-06,5.139316366965795e-06,0.023245187248861102,1.0325884098940084,922.0250012635255
BFA,"Petroleum, Chemical and Non-Metallic Mineral Products",7.525060627874516e-06,7.525060627874516e-06,7.525060627874516e-06,7.525060627874516e-06,0.014662838127479118,1.5119307381110814,1126.827379826268
BFA,Metal Products,6.905458022004886e-06,6.905458022004886e-06,6.905458022004886e-06,6.905458022004886e-06,0.03036617482057647,1.3874405483898298,1379.4411869568453
BFA,Electrical and Machinery,1.3460843739447889e-06,1.3460843739447889e-06,1.3460843739447889e-06,1.3460843739447889e-06,0.004990644014095189,0.27045447760505076,654.9321952577399
BFA,Transport Equipment,1.0287744552744342e-06,1.0287744552744342e-06,1.0287744552744342e-06,1.0287744552744342e-06,0.004376638451272159,0.20670075610437177,171.08323472407383
BFA,Other Manufacturing,4.054837588153073e-06,4.054837588153073e-06,4.054837588153073e-06,4.054837588153073e-06,0.019666756242073462,0.8146955739954557,380.8329678983831
BFA,Recycling,3.3090054990042196e-06,3.3090054990042196e-06,3.3090054990042196e-06,3.3090054990042196e-06,0.016465470612914975,0.6648434310271053,13.650089189224483
BFA,"Electricity, Gas and Water",3.602850929291694e-06,3.602850929291694e-06,3.602850929291694e-06,3.602850929291694e-06,0.004212610709532697,0.7238826813767197,505.10044929438936
BFA,Construction,5.261693034034797e-07,5.261693034034797e-07,5.261693034034797e-07,5.261693034034797e-07,0.0021856799961608745,0.10571762575830802,536.1035894583392
BFA,Maintenance and Repair,5.780844718744752e-06,5.780844718744752e-06,5.780844718744752e-06,5.780844718744752e-06,0.028868684997324433,1.161483907537103,276.260324516146
BFA,Wholesale Trade,2.7671148623212204e-06,2.7671148623212204e-06,2.7671148623212204e-06,2.7671148623212204e-06,0.011569294694645819,0.5559670842690827,2421.869874198377
BFA,Retail Trade,6.571688004657609e-07,6.571688004657609e-07,6.571688004657609e-07,6.571688004657609e-07,0.0030033133251493845,0.13203796735820006,734.4062140254292
BFA,Hotels and Restraurants,1.5245770858572337e-06,1.5245770858572337e-06,1.5245770858572337e-06,1.5245770858572337e-06,0.006709428089703537,0.3063171278898308,854.7341726316029
BFA,Transport,7.3141639165936e-05,7.3141639165936e-05,7.3141639165936e-05,7.3141639165936e-05,0.028530203098878697,14.695574954064284,2333.2057154669196
BFA,Post and Telecommunications,1.9958294657224565e-06,1.9958294657224565e-06,1.9958294657224565e-06,1.9958294657224565e-06,0.009373818113660838,0.4010008777970365,817.3528825660907
BFA,Finacial Intermediation and Business Activities,1.3893346639562854e-06,1.3893346639562854e-06,1.3893346639562854e-06,1.3893346639562854e-06,0.0056256918963720525,0.27914430033662785,1677.7219657955554
BFA,Public Administration,2.77495327916922e-07,2.77495327916922e-07,2.77495327916922e-07,2.77495327916922e-07,0.0010636196484003354,0.0557541974353917,281.3699417878247
BFA,"Education, Health and Other Services",9.005576854818638e-07,9.005576854818638e-07,9.005576854818638e-07,9.005576854818638e-07,0.0025600881036054184,0.18093951842442307,1089.3302885246235
BFA,Private Households,6.335202991701674e-06,6.335202991701674e-06,6.335202991701674e-06,6.335202991701674e-06,0.03170877166479337,1.2728652444136515,101.05680655884643
BFA,Others,2.9419751776712033e-06,2.9419751776712033e-06,2.9419751776712033e-06,2.9419751776712033e-06,0.014681305972799092,0.5910999155813148,19.864834672615263
BFA,Re-export & Re-import,0.0,0.0,0.0,0.0,,0.0,0.07832807640592684
MDG,Agriculture,2.8842271907791577e-05,2.8842271907791577e-05,2.8842271907791577e-05,2.8842271907791577e-05,0.2939791185823577,5.794972241527965,104619.23086725938
MDG,Fishing,1.0610456703483279e-06,1.0610456703483279e-06,1.0610456703483279e-06,1.0610456703483279e-06,0.0860595571659752,0.2131846695821818,4602.749113775003
MDG,Mining and Quarrying,8.595530457921095e-06,8.595530457921095e-06,8.595530457921095e-06,8.595530457921095e-06,0.0700450161340077,1.7270089042952539,2126.6157213397682
MDG,Food & Beverages,6.682643929278172e-06,6.682643929278172e-06,6.682643929278172e-06,6.682643929278172e-06,0.09658189935352877,1.342672872441815,4098.510848206604
MDG,Textiles and Wearing Apparel,2.150621564255836e-05,2.150621564255836e-05,2.150621564255836e-05,2.150621564255836e-05,0.4020211838004401,4.321016148359404,4888.617797131731
MDG,Wood and Paper,4.069251810061348e-06,4.069251810061348e-06,4.069251810061348e-06,4.069251810061348e-06,0.1023426223248705,0.8175916709502558,6923.652382735443
MDG,"Petroleum, Chemical and Non-Metallic Mineral Products",7.799962844578579e-05,7.799962844578579e-05,7.799962844578579e-05,7.799962844578579e-05,0.10353389829001305,15.671639291727116,9847.005532464851
MDG,Metal Products,1.8090309912365139e-06,1.8090309912365139e-06,1.8090309912365139e-06,1.8090309912365139e-06,0.04428697921568333,0.3634694386002033,3568.2417736889
MDG,Electrical and Machinery,1.9822577955379506e-06,1.9822577955379506e-06,1.9822577955379506e-06,1.9822577955379506e-06,0.022014661505279785,0.39827406583708336,3902.0547224878314
MDG,Transport Equipment,7.803052784638091e-07,7.803052784638091e-07,7.803052784638091e-07,7.803052784638091e-07,0.015383243092583787,0.15677847581049859,668.964939069954
MDG,Other Manufacturing,2.194399111194195e-06,2.194399111194195e-06,2.194399111194195e-06,2.194399111194195e-06,0.08663494691007502,0.44089737371793913,2317.8313696321475
MDG,Recycling,-1.1133253015342142e-05,-1.1133253015342142e-05,-1.1133253015342142e-05,-1.1133253015342142e-05,-0.8208210028213148,-2.236886622110596,-1542.3637053513914
MDG,"Electricity, Gas and Water",6.925716612562301e-05,6.925716612562301e-05,6.925716612562301e-05,6.925716612562301e-05,0.03865485965029669,13.91510892442754,2934.8354295750905
MDG,Construction,8.172385624142676e-07,8.172385624142676e-07,8.172385624142676e-07,8.172385624142676e-07,0.009464028102568642,0.16419908941422648,4758.238873156539
MDG,Maintenance and Repair,6.147843001487641e-07,6.147843001487641e-07,6.147843001487641e-07,6.147843001487641e-07,0.04326833568989554,0.12352209858082827,1476.358882074926
MDG,Wholesale Trade,3.6276377036530733e-06,3.6276377036530733e-06,3.6276377036530733e-06,3.6276377036530733e-06,0.05394464529685341,0.7288628254458285,22593.52790039052
MDG,Retail Trade,3.2095688908422173e-07,3.2095688908422173e-07,3.2095688908422173e-07,3.2095688908422173e-07,0.005232503230863954,0.06448646864284585,1995.5040596448935
MDG,Hotels and Restraurants,4.795463564993971e-07,4.795463564993971e-07,4.795463564993971e-07,4.795463564993971e-07,0.008935816264296478,0.09635017079528885,2005.000581750315
MDG,Transport,0.00039857403069649744,0.00039857403069649744,0.00039857403069649744,0.00039857403069649744,0.07517681061079501,80.08125890582701,21800.52330902444
MDG,Post and Telecommunications,1.4304697642807545e-06,1.4304697642807545e-06,1.4304697642807545e-06,1.4304697642807545e-06,0.027260660192091505,0.28740914040522075,6316.485791128947
MDG,Finacial Intermediation and Business Activities,1.7171509081344587e-05,1.7171509081344587e-05,1.7171509081344587e-05,1.7171509081344587e-05,0.03780314739032969,3.4500894655478094,20745.3466028334
MDG,Public Administration,1.3798195253828315e-07,1.3798195253828315e-07,1.3798195253828315e-07,1.3798195253828315e-07,0.001719696993629747,0.027723252431275092,534.1344468274123
MDG,"Education, Health and Other Services",1.6056182921014108e-06,1.6056182921014108e-06,1.6056182921014108e-06,1.6056182921014108e-06,0.006539510622996728,0.3225998791968831,2678.0407717977514
MDG,Private Households,3.1094292502480036e-07,3.1094292502480036e-07,3.1094292502480036e-07,3.1094292502480036e-07,0.022485877200283607,0.062474468896864366,247.31092038731924
MDG,Others,1.347076322131898e-06,1.347076322131898e-06,1.347076322131898e-06,1.347076322131898e-06,0.08245355041861378,0.2706537792490997,402.11194828800825
MDG,Re-export & Re-import,0.0,0.0,0.0,0.0,,0.0,0.03319218423017323
MWI,Agriculture,0.00012212459417322978,0.00012212459417322978,0.00012212459417322978,0.00012212459417322978,0.14910678163636013,24.5372013516921,27158.756527591544
MWI,Fishing,1.784020952077268e-06,1.784020952077268e-06,1.784020952077268e-06,1.784020952077268e-06,0.01516391352647733,0.3584444362997359,617.8855008547246
MWI,Mining and Quarrying,1.5364742800234072e-06,1.5364742800234072e-06,1.5364742800234072e-06,1.5364742800234072e-06,0.008322765137571407,0.3087075051168904,42.14082317636805
MWI,Food & Beverages,1.969620118661869e-06,1.969620118661869e-06,1.969620118661869e-06,1.969620118661869e-06,0.01540712415447088,0.39573491126117394,416.76887122809916
MWI,Textiles and Wearing Apparel,6.375422859830523e-07,6.375422859830523e-07,6.375422859830523e-07,6.375422859830523e-07,0.005292166713021167,0.12809461965699076,55.781024805257005
MWI,Wood and Paper,1.075204859151374e-06,1.075204859151374e-06,1.075204859151374e-06,1.075204859151374e-06,0.008803453311645547,0.21602952543606618,270.9826177670863
MWI,"Petroleum, Chemical and Non-Metallic Mineral Products",7.0714771756709025e-06,7.0714771756709025e-06,7.0714771756709025e-06,7.0714771756709025e-06,0.009581171175587993,1.4207970187168648,409.086307566963
MWI,Metal Products,7.668371003738168e-07,7.668371003738168e-07,7.668371003738168e-07,7.668371003738168e-07,0.006247641303483136,0.1540724574210673,203.27075839360597
MWI,Electrical and Machinery,4.0316844706174765e-07,4.0316844706174765e-07,4.0316844706174765e-07,4.0316844706174765e-07,0.003067206301637707,0.08100436632911755,235.59641011761454
MWI,Transport Equipment,2.85458480155011e-07,2.85458480155011e-07,2.85458480155011e-07,2.85458480155011e-07,0.002283814809005736,0.057354149281151845,54.35502083581743
MWI,Other Manufacturing,5.12063091683535e-07,5.12063091683535e-07,5.12063091683535e-07,5.12063091683535e-07,0.004287580682384479,0.10288341402867959,56.379113424946475
MWI,Recycling,7.54555970203082e-07,7.54555970203082e-07,7.54555970203082e-07,7.54555970203082e-07,0.0063648983097324705,0.15160493999866984,7.465452876468312
MWI,"Electricity, Gas and Water",3.927522108260435e-06,3.927522108260435e-06,3.927522108260435e-06,3.927522108260435e-06,0.006471107271247234,0.7891154229500266,140.0612928896022
MWI,Construction,5.250326754755502e-07,5.250326754755502e-07,5.250326754755502e-07,5.250326754755502e-07,0.0040839851655386835,0.10548925514616088,439.0651611618983
MWI,Maintenance and Repair,1.942302567981368e-06,1.942302567981368e-06,1.942302567981368e-06,1.942302567981368e-06,0.016455485647363384,0.3902462851083474,217.55797574379127
MWI,Wholesale Trade,8.90114489947855e-07,8.90114489947855e-07,8.90114489947855e-07,8.90114489947855e-07,0.006836895028339464,0.1788412777440111,1602.2126761012971
MWI,Retail Trade,2.1052547055898007e-07,2.1052547055898007e-07,2.1052547055898007e-07,2.1052547055898007e-07,0.001621899532510117,0.042298653238004094,358.8501372664608
MWI,Hotels and Restraurants,4.153630368537231e-07,4.153630368537231e-07,4.153630368537231e-07,4.153630368537231e-07,0.0031881481432840942,0.08345449610971323,369.3182690661727
MWI,Transport,3.213691878021599e-05,3.213691878021599e-05,3.213691878021599e-05,3.213691878021599e-05,0.014285424844796916,6.45693074578084,1253.1146103006167
MWI,Post and Telecommunications,7.191836278446112e-07,7.191836278446112e-07,7.191836278446112e-07,7.191836278446112e-07,0.005541145597600199,0.14449794985793177,634.4334651972348
MWI,Finacial Intermediation and Business Activities,1.0886836653731299e-06,1.0886836653731299e-06,1.0886836653731299e-06,1.0886836653731299e-06,0.004872806010484329,0.2187376792234559,1190.5775653476462
MWI,Public Administration,1.787887345633703e-07,1.787887345633703e-07,1.787887345633703e-07,1.787887345633703e-07,0.0013132705952658783,0.03592212698101471,97.36863980126226
MWI,"Education, Health and Other Services",3.8824484667966865e-07,3.8824484667966865e-07,3.8824484667966865e-07,3.8824484667966865e-07,0.0018488447968400183,0.07800592535212776,285.7685448683742
MWI,Private Households,2.2502368941632536e-06,2.2502368941632536e-06,2.2502368941632536e-06,2.2502368941632536e-06,0.019069394242783255,0.4521162681021482,42.48565690320896
MWI,Others,1.031977351824303e-06,1.031977351824303e-06,1.031977351824303e-06,1.031977351824303e-06,0.008704432401112301,0.20734428018799161,9.788134235050782
MWI,Re-export & Re-import,0.0,0.0,0.0,0.0,,0.0,1.7022008118051624
RWA,Agriculture,4.787957571688971e-06,4.787957571688971e-06,4.787957571688971e-06,4.787957571688971e-06,0.10120868466867937,0.9619936082100309,30921.479757344263
RWA,Fishing,6.020245925669778e-07,6.020245925669778e-07,6.020245925669778e-07,6.020245925669778e-07,0.0388477913919621,0.12095842566758282,3394.251962069044
RWA,Mining and Quarrying,2.2547968494208025e-06,2.2547968494208025e-06,2.2547968494208025e-06,2.2547968494208025e-06,0.027781285549757916,0.45303245162002725,344.0962246907466
RWA,Food & Beverages,1.1739397577914434e-07,1.1739397577914434e-07,1.1739397577914434e-07,1.1739397577914434e-07,0.0030642103201419836,0.02358672829718972,54.937613987761594
RWA,Textiles and Wearing Apparel,1.9340225919235797e-07,1.9340225919235797e-07,1.9340225919235797e-07,1.9340225919235797e-07,0.01050510212808915,0.038858267720780486,79.52940091580531
RWA,Wood and Paper,1.5935872451179083e-07,1.5935872451179083e-07,1.5935872451179083e-07,1.5935872451179083e-07,0.006387007624945399,0.03201826083408004,154.51384976191662
RWA,"Petroleum, Chemical and Non-Metallic Mineral Products",1.4801031875012439e-06,1.4801031875012439e-06,1.4801031875012439e-06,1.4801031875012439e-06,0.005324107595862093,0.2973814584921689,214.08130160809557
RWA,Metal Products,2.0663507554941763e-07,2.0663507554941763e-07,2.0663507554941763e-07,2.0663507554941763e-07,0.008337181734348062,0.041516997369802425,235.17772351701043
RWA,Electrical and Machinery,1.5170161142705224e-07,1.5170161142705224e-07,1.5170161142705224e-07,1.5170161142705224e-07,0.0036458303761769985,0.03047979819430742,304.95584639836267
RWA,Transport Equipment,9.147342059113302e-08,9.147342059113302e-08,9.147342059113302e-08,9.147342059113302e-08,0.0033126926425327764,0.01837878565384542,68.75924229620306
RWA,Other Manufacturing,1.1993559365905418e-07,1.1993559365905418e-07,1.1993559365905418e-07,1.1993559365905418e-07,0.006318206971467839,0.024097388660899485,62.5127188681211
RWA,Recycling,2.7318554578505085e-07,2.7318554578505085e-07,2.7318554578505085e-07,2.7318554578505085e-07,0.01759822356382955,0.05488827855420677,6.997124081872885
RWA,"Electricity, Gas and Water",1.9514284613070404e-06,1.9514284613070404e-06,1.9514284613070404e-06,1.9514284613070404e-06,0.0034890748943078895,0.39207985420687363,196.3215216154692
RWA,Construction,9.667830786266882e-08,9.667830786266882e-08,9.667830786266882e-08,9.667830786266882e-08,0.0026159669311427406,0.019424548531168682,830.6087401417873
RWA,Maintenance and Repair,5.049089849451151e-07,5.049089849451151e-07,5.049089849451151e-07,5.049089849451151e-07,0.030490794882816846,0.10144601512700457,207.1788530697639
RWA,Wholesale Trade,2.1927561369191912e-07,2.1927561369191912e-07,2.1927561369191912e-07,2.1927561369191912e-07,0.0059189777154852645,0.04405672682967147,970.7892920498847
RWA,Retail Trade,1.2195928202767543e-07,1.2195928202767543e-07,1.2195928202767543e-07,1.2195928202767543e-07,0.0031724806747114678,0.024503986933017398,491.18566542355234
RWA,Hotels and Restraurants,2.0273773113645685e-07,2.0273773113645685e-07,2.0273773113645685e-07,2.0273773113645685e-07,0.005320178310138223,0.04073394523157331,423.3728736889966
RWA,Transport,1.789172506380531e-05,1.789172506380531e-05,1.789172506380531e-05,1.789172506380531e-05,0.011075416629380068,3.5947948354856476,1032.6153618985875
RWA,Post and Telecommunications,2.448421496776275e-07,2.448421496776275e-07,2.448421496776275e-07,2.448421496776275e-07,0.006916626850148611,0.04919354014392297,728.9225538566116
RWA,Finacial Intermediation and Business Activities,4.81219603415369e-07,4.81219603415369e-07,4.81219603415369e-07,4.81219603415369e-07,0.002418229333200154,0.09668635857766186,1061.958156986848
RWA,Public Administration,8.644554248357807e-08,8.644554248357807e-08,8.644554248357807e-08,8.644554248357807e-08,0.0015245606198832644,0.017368587353232486,404.53148856168497
RWA,"Education, Health and Other Services",2.1738531231699361e-07,2.1738531231699361e-07,2.1738531231699361e-07,2.1738531231699361e-07,0.0017590709822394768,0.043676928593567324,692.8699147684141
RWA,Private Households,5.717407912625106e-07,5.717407912625106e-07,5.717407912625106e-07,5.717407912625106e-07,0.0345450374746722,0.11487382219083911,132.0145516102093
RWA,Others,1.9869280437874525e-07,1.9869280437874525e-07,1.9869280437874525e-07,1.9869280437874525e-07,0.011493921809147576,0.03992124093577821,21.195596390594773
RWA,Re-export & Re-import,0.0,0.0,0.0,0.0,,0.0,0.03179868119639552
UGA,Agriculture,5.8432221143187955e-05,5.8432221143187955e-05,5.8432221143187955e-05,5.8432221143187955e-05,0.11369647609135017,11.740167370245313,86534.16056017444
UGA,Fishing,1.291586021194532e-05,1.291586021194532e-05,1.291586021194532e-05,1.291586021194532e-05,0.027132800865632994,2.5950470074952428,3323.9037700443696
UGA,Mining and Quarrying,1.2454798438946157e-05,1.2454798438946157e-05,1.2454798438946157e-05,1.2454798438946157e-05,0.009414898931932118,2.5024107483024283,364.2784450046379
UGA,Food & Beverages,8.439050427170479e-06,8.439050427170479e-06,8.439050427170479e-06,8.439050427170479e-06,0.016444289335087302,1.695569028911918,1128.8264635517353
UGA,Textiles and Wearing Apparel,6.549363170339206e-06,6.549363170339206e-06,6.549363170339206e-06,6.549363170339206e-06,0.013565779538898069,1.3158941810526514,532.3903745820086
UGA,Wood and Paper,3.1292027983309373e-06,3.1292027983309373e-06,3.1292027983309373e-06,3.1292027983309373e-06,0.006326093915508134,0.6287175785739928,725.1158628772889
UGA,"Petroleum, Chemical and Non-Metallic Mineral Products",1.0642162416065876e-05,1.0642162416065876e-05,1.0642162416065876e-05,1.0642162416065876e-05,0.005326049769153331,2.1382169888729834,966.0229289797235
UGA,Metal Products,5.059699310236681e-06,5.059699310236681e-06,5.059699310236681e-06,5.059699310236681e-06,0.01004924622993664,1.0165917978666206,1191.2778450816093
UGA,Electrical and Machinery,1.573243761675187e-06,1.573243761675187e-06,1.573243761675187e-06,1.573243761675187e-06,0.002960793550219382,0.3160952076594863,1072.9856610124036
UGA,Transport Equipment,1.3383311018344687e-06,1.3383311018344687e-06,1.3383311018344687e-06,1.3383311018344687e-06,0.0026558721249572703,0.26889669475063627,256.87488957701714
UGA,Other Manufacturing,3.0260893640151776e-06,3.0260893640151776e-06,3.0260893640151776e-06,3.0260893640151776e-06,0.006250180805322819,0.6080000882355489,309.4245760387141
UGA,Recycling,6.779136111591082e-06,6.779136111591082e-06,6.779136111591082e-06,6.779136111591082e-06,0.01415251840590466,1.3620600247374255,48.81783851451159
UGA,"Electricity, Gas and Water",5.560219216600318e-06,5.560219216600318e-06,5.560219216600318e-06,5.560219216600318e-06,0.003265005448076261,1.1171559619166065,619.5870238596397
UGA,Construction,1.689173573526963e-06,1.689173573526963e-06,1.689173573526963e-06,1.689173573526963e-06,0.003243232656392412,0.3393877570049183,3629.955718340643
UGA,Maintenance and Repair,9.718126009568977e-06,9.718126009568977e-06,9.718126009568977e-06,9.718126009568977e-06,0.020399284387829245,1.9525601396854468,863.1284012325146
UGA,Wholesale Trade,3.6963600000900714e-06,3.6963600000900714e-06,3.6963600000900714e-06,3.6963600000900714e-06,0.007579190418716519,0.7426704686682362,6436.278820335742
UGA,Retail Trade,8.135405146418901e-07,8.135405146418901e-07,8.135405146418901e-07,8.135405146418901e-07,0.0016683686201114053,0.16345607983934676,1221.7046312920793
UGA,Hotels and Restraurants,3.3093789403660994e-06,3.3093789403660994e-06,3.3093789403660994e-06,3.3093789403660994e-06,0.006795366551710725,0.6649184626450323,2937.874798133856
UGA,Transport,0.00014993445854172115,0.00014993445854172115,0.00014993445854172115,0.00014993445854172115,0.031075425286188202,30.12474288001842,9220.358361239614
UGA,Post and Telecommunications,4.705718072555877e-06,4.705718072555877e-06,4.705718072555877e-06,4.705718072555877e-06,0.009655772778369575,0.9454700966032807,3305.171022035906
UGA,Finacial Intermediation and Business Activities,1.5058888913587463e-06,1.5058888913587463e-06,1.5058888913587463e-06,1.5058888913587463e-06,0.0022051116197025662,0.30256230688581165,2575.2175539534446
UGA,Public Administration,5.895890781785384e-07,5.895890781785384e-07,5.895890781785384e-07,5.895890781785384e-07,0.0011932679865152508,0.11845988945932176,628.4214591504052
UGA,"Education, Health and Other Services",1.8135537773998252e-06,1.8135537773998252e-06,1.8135537773998252e-06,1.8135537773998252e-06,0.00279055673608691,0.36437815412561503,2552.3157453002264
UGA,Private Households,1.1737176160215402e-05,1.1737176160215402e-05,1.1737176160215402e-05,1.1737176160215402e-05,0.024640173645200526,2.3582265037865393,410.39194813027297
UGA,Others,3.3460396623745816e-06,3.3460396623745816e-06,3.3460396623745816e-06,3.3460396623745816e-06,0.007016242759359854,0.672284313264315,38.647569991381886
UGA,Re-export & Re-import,0.0,0.0,0.0,0.0,,0.0,0.11503096425999733
SYR,Agriculture,0.00021365453403851347,0.00021365453403851347,0.00021365453403851347,0.00021365453403851347,0.04963088754344565,42.92734282472753,15838.456987302096
SYR,Fishing,9.575537138413725e-06,9.575537138413725e-06,9.575537138413725e-06,9.575537138413725e-06,0.010230414382189792,1.923911267885848,434.57368037528727
SYR,Mining and Quarrying,0.005715694016963576,0.005715694016963576,0.005715694016963576,0.005715694016963576,0.4393330024829284,1148.393867004062,71861.69921613259
SYR,Food & Beverages,9.95189492042637e-05,9.95189492042637e-05,9.95189492042637e-05,9.95189492042637e-05,0.01839185022584907,19.995288512239043,405.7867482729983
SYR,Textiles and Wearing Apparel,0.00028303643334355404,0.00028303643334355404,0.00028303643334355404,0.00028303643334355404,0.09419330607937595,56.86751306591381,272.92604629805265
SYR,Wood and Paper,0.00015833751875307718,0.00015833751875307718,0.00015833751875307718,0.00015833751875307718,0.05055521247663125,31.813080776019653,7662.956886357859
SYR,"Petroleum, Chemical and Non-Metallic Mineral Products",0.0020673227503304596,0.0020673227503304596,0.0020673227503304596,0.0020673227503304596,0.068204700098545,415.365266326607,12249.97336589927
SYR,Metal Products,0.00024594085620995617,0.00024594085620995617,0.00024594085620995617,0.00024594085620995617,0.06376969076213075,49.414291611657056,12248.180734991689
SYR,Electrical and Machinery,0.00039563079149592854,0.00039563079149592854,0.00039563079149592854,0.00039563079149592854,0.04763599858542755,79.48990502351145,7846.172963004357
SYR,Transport Equipment,0.00012351076731835291,0.00012351076731835291,0.00012351076731835291,0.00012351076731835291,0.025652866072956373,24.815710441531515,511.10257306436824
SYR,Other Manufacturing,9.023661121223796e-05,9.023661121223796e-05,9.023661121223796e-05,9.023661121223796e-05,0.048616833127901625,18.13028664372333,648.6117558092739
SYR,Recycling,2.465633944411121e-05,2.465633944411121e-05,2.465633944411121e-05,2.465633944411121e-05,0.018051404385547556,4.953937162547745,5.6237706250822574
SYR,"Electricity, Gas and Water",0.010464722130645199,0.010464722130645199,0.010464722130645199,0.010464722130645199,0.05903749281814917,2102.565791497514,22369.187953811084
SYR,Construction,0.000305983231696931,0.000305983231696931,0.000305983231696931,0.000305983231696931,0.05214398784221726,61.477970241925526,16831.349259637944
SYR,Maintenance and Repair,4.1225746720982484e-05,4.1225746720982484e-05,4.1225746720982484e-05,4.1225746720982484e-05,0.043976662143504035,8.283052689057342,1309.462284983619
SYR,Wholesale Trade,6.612218729365937e-05,6.612218729365937e-05,6.612218729365937e-05,6.612218729365937e-05,0.047520570410728616,13.285230828586577,41769.25081505895
SYR,Retail Trade,2.3662387268618437e-05,2.3662387268618437e-05,2.3662387268618437e-05,2.3662387268618437e-05,0.016428462898980502,4.7542328783359675,7659.442257391681
SYR,Hotels and Restraurants,2.4572452881974247e-05,2.4572452881974247e-05,2.4572452881974247e-05,2.4572452881974247e-05,0.017872051446952284,4.937082724014781,4249.473416644739
SYR,Transport,0.007286163688181603,0.007286163688181603,0.007286163688181603,0.007286163688181603,0.08421153781841534,1463.9317060468832,20586.184112014173
SYR,Post and Telecommunications,5.832617924430844e-05,5.832617924430844e-05,5.832617924430844e-05,5.832617924430844e-05,0.04614077411635321,11.718861494535856,15131.820730683916
SYR,Finacial Intermediation and Business Activities,0.00024074227523185885,0.00024074227523185885,0.00024074227523185885,0.00024074227523185885,0.062239125080566136,48.369795791087824,86125.25650398579
SYR,Public Administration,1.180661022161444e-05,1.180661022161444e-05,1.180661022161444e-05,1.180661022161444e-05,0.0070110363985259345,2.3721771544048518,443.00285139545895
SYR,"Education, Health and Other Services",5.264555411066494e-05,5.264555411066494e-05,5.264555411066494e-05,5.264555411066494e-05,0.026725896534011112,10.57751364686172,6007.046134467009
SYR,Private Households,5.09781109016326e-06,5.09781109016326e-06,5.09781109016326e-06,5.09781109016326e-06,0.005486363459135554,1.0242491941860166,3.658191940918946
SYR,Others,7.57864928125891e-05,7.57864928125891e-05,7.57864928125891e-05,7.57864928125891e-05,0.07813935678529266,15.226977387071589,155.26368332594436
SYR,Re-export & Re-import,0.0,0.0,0.0,0.0,,0.0,0.0025773734499037926
ERI,Agriculture,4.419358552747008e-07,4.419358552747008e-07,4.419358552747008e-07,4.419358552747008e-07,0.020673014406210336,0.08879349109669027,2036.124467595028
ERI,Fishing,2.1981764976726115e-07,2.1981764976726115e-07,2.1981764976726115e-07,2.1981764976726115e-07,0.04015057490716271,0.04416563239787898,1233.8111066671472
ERI,Mining and Quarrying,5.190667951945283e-08,5.190667951945283e-08,5.190667951945283e-08,5.190667951945283e-08,0.009480963091155183,0.010429059400270701,63.77303456523895
ERI,Food & Beverages,1.584894898246076e-08,1.584894898246076e-08,1.584894898246076e-08,1.584894898246076e-08,0.0028948740649071656,0.0031843614713978822,41.849746919330435
ERI,Textiles and Wearing Apparel,1.7118275426811622e-07,1.7118275426811622e-07,1.7118275426811622e-07,1.7118275426811622e-07,0.03126721628283045,0.0343939379111135,237.68087129556397
ERI,Wood and Paper,3.7803592898761886e-08,3.7803592898761886e-08,3.7803592898761886e-08,3.7803592898761886e-08,0.006904977785217338,0.007595475563739072,122.55368871870844
ERI,"Petroleum, Chemical and Non-Metallic Mineral Products",9.424004687857972e-07,9.424004687857972e-07,9.424004687857972e-07,9.424004687857972e-07,0.0067665713464974495,0.189346545739392,185.9223742591718
ERI,Metal Products,5.46158861291079e-08,5.46158861291079e-08,5.46158861291079e-08,5.46158861291079e-08,0.009975810538733238,0.010973391592606564,201.64405116257657
ERI,Electrical and Machinery,4.3216162691761836e-08,4.3216162691761836e-08,4.3216162691761836e-08,4.3216162691761836e-08,0.007893605355133506,0.008682965890646857,345.78964426858494
ERI,Transport Equipment,3.1083962797114864e-08,3.1083962797114864e-08,3.1083962797114864e-08,3.1083962797114864e-08,0.00567761041034885,0.0062453714513837355,74.17457344496151
ERI,Other Manufacturing,4.730022016421159e-08,4.730022016421159e-08,4.730022016421159e-08,4.730022016421159e-08,0.008639574824129139,0.009503532306542052,63.52878078403109
ERI,Recycling,1.1889913584704962e-07,1.1889913584704962e-07,1.1889913584704962e-07,1.1889913584704962e-07,0.021717403790270547,0.023889144169297605,12.57863340570954
ERI,"Electricity, Gas and Water",7.389202658558191e-06,7.389202658558191e-06,7.389202658558191e-06,7.389202658558191e-06,0.004847959388368682,1.4846342351346364,59.7433427266226
ERI,Construction,3.42203325022606e-08,3.42203325022606e-08,3.42203325022606e-08,3.42203325022606e-08,0.0062504809096756275,0.00687552900064319,3236.424009259124
ERI,Maintenance and Repair,2.552112491632404e-07,2.552112491632404e-07,2.552112491632404e-07,2.552112491632404e-07,0.046615357718219876,0.051276893490041865,788.6712526272466
ERI,Wholesale Trade,3.8855876222387264e-08,3.8855876222387264e-08,3.8855876222387264e-08,3.8855876222387264e-08,0.007097181552537716,0.007806899707791489,1532.21762255892
ERI,Retail Trade,2.0978280983744556e-08,2.0978280983744556e-08,2.0978280983744556e-08,2.0978280983744556e-08,0.003831767116758568,0.004214943828434425,843.0768963305704
ERI,Hotels and Restraurants,3.35238656848225e-08,3.35238656848225e-08,3.35238656848225e-08,3.35238656848225e-08,0.0061232684535625324,0.006735595298918786,709.0316240433663
ERI,Transport,1.118793088079352e-05,1.118793088079352e-05,1.118793088079352e-05,1.118793088079352e-05,0.010653822899303042,2.247872466552037,1721.849549339559
ERI,Post and Telecommunications,4.504231847057939e-08,4.504231847057939e-08,4.504231847057939e-08,4.504231847057939e-08,0.008227160028596687,0.009049876031456355,1294.3955416191736
ERI,Finacial Intermediation and Business Activities,6.150168498936213e-08,6.150168498936213e-08,6.150168498936213e-08,6.150168498936213e-08,0.0025628124700723164,0.012356882233825382,588.1116428197251
ERI,Public Administration,1.31505142841635e-08,1.31505142841635e-08,1.31505142841635e-08,1.31505142841635e-08,0.0024019941501196886,0.0026421935651316578,370.36107601280474
ERI,"Education, Health and Other Services",1.0583788465569323e-07,1.0583788465569323e-07,1.0583788465569323e-07,1.0583788465569323e-07,0.0019636539124236532,0.021264885292066535,444.71851981614685
ERI,Private Households,2.847913907571792e-07,2.847913907571792e-07,2.847913907571792e-07,2.847913907571792e-07,0.05201828915748051,0.05722011807322856,232.13837774284727
ERI,Others,8.397834790688905e-08,8.397834790688905e-08,8.397834790688905e-08,8.397834790688905e-08,0.015338981886965385,0.016872880075661924,24.644682028330678
ERI,Re-export & Re-import,0.0,0.0,0.0,0.0,,0.0,0.006596685965789909
CAF,Agriculture,4.611093332000675e-07,4.611093332000675e-07,4.611093332000675e-07,4.611093332000675e-07,0.08422346814572548,0.09264581496029804,4161.212045982231
CAF,Fishing,9.927563317302657e-08,9.927563317302657e-08,9.927563317302657e-08,9.927563317302657e-08,0.01813309236264643,0.019946401598911076,364.4896629630833
CAF,Mining and Quarrying,1.951485778934788e-07,1.951485778934788e-07,1.951485778934788e-07,1.951485778934788e-07,0.024920480906004114,0.0392091370430797,93.78025533585658
CAF,Food & Beverages,1.5241514554235183e-08,1.5241514554235183e-08,1.5241514554235183e-08,1.5241514554235183e-08,0.0027839237315855103,0.0030623161047440613,35.480272781937856
CAF,Textiles and Wearing Apparel,3.6645277261249585e-08,3.6645277261249585e-08,3.6645277261249585e-08,3.6645277261249585e-08,0.0066934067907165945,0.0073627474697882545,47.48778009216493
CAF,Wood and Paper,1.1130167528290886e-07,1.1130167528290886e-07,1.1130167528290886e-07,1.1130167528290886e-07,0.020329697162491923,0.022362666878741118,372.7145029285457
CAF,"Petroleum, Chemical and Non-Metallic Mineral Products",2.644380727145027e-06,2.644380727145027e-06,2.644380727145027e-06,2.644380727145027e-06,0.007542714825800277,0.5313074142989841,216.69314568745094
CAF,Metal Products,4.656687164846347e-08,4.656687164846347e-08,4.656687164846347e-08,4.656687164846347e-08,0.008505625777973033,0.009356188355770336,177.10669163668788
CAF,Electrical and Machinery,2.1919231591645562e-08,2.1919231591645562e-08,2.1919231591645562e-08,2.1919231591645562e-08,0.004003635517255388,0.004403999068980927,209.63796259097492
CAF,Transport Equipment,1.5095517790198036e-08,1.5095517790198036e-08,1.5095517790198036e-08,1.5095517790198036e-08,0.0027572568373807763,0.0030329825211188543,43.59691793561362
CAF,Other Manufacturing,4.9992088652991096e-08,4.9992088652991096e-08,4.9992088652991096e-08,4.9992088652991096e-08,0.009131255394426406,0.010044380933869048,83.01790416907501
CAF,Recycling,6.804374980435898e-08,6.804374980435898e-08,6.804374980435898e-08,6.804374980435898e-08,0.012428463666938208,0.01367131003363203,7.254332672364162
CAF,"Electricity, Gas and Water",7.134680623160251e-07,7.134680623160251e-07,7.134680623160251e-07,7.134680623160251e-07,0.004953440009355296,0.14334958180673665,42.24075688617785
CAF,Construction,2.295230286951439e-08,2.295230286951439e-08,2.295230286951439e-08,2.295230286951439e-08,0.004192330127403514,0.004611563140143866,151.25046710345129
CAF,Maintenance and Repair,1.678281496541336e-07,1.678281496541336e-07,1.678281496541336e-07,1.678281496541336e-07,0.03065448430257213,0.03371993273282935,117.79721300886604
CAF,Wholesale Trade,7.982838599383289e-08,7.982838599383289e-08,7.982838599383289e-08,7.982838599383289e-08,0.007666933803609012,0.01603907217847398,557.844570163831
CAF,Retail Trade,2.470417075450627e-08,2.470417075450627e-08,2.470417075450627e-08,2.470417075450627e-08,0.0028141453755360668,0.004963547401189881,185.11391997368736
CAF,Hotels and Restraurants,7.11941231600287e-08,7.11941231600287e-08,7.11941231600287e-08,7.11941231600287e-08,0.00794976871323217,0.01430428118808618,281.7358283125915
CAF,Transport,1.792192575790737e-05,1.792192575790737e-05,1.792192575790737e-05,1.792192575790737e-05,0.022699825930345557,3.600862741112355,438.9488039976851
CAF,Post and Telecommunications,1.0468346800464176e-07,1.0468346800464176e-07,1.0468346800464176e-07,1.0468346800464176e-07,0.010394079998108884,0.021032940580173236,167.6357222095001
CAF,Finacial Intermediation and Business Activities,3.5349767845768597e-07,3.5349767845768597e-07,3.5349767845768597e-07,3.5349767845768597e-07,0.00350180624988305,0.071024544829753,270.03198390223173
CAF,Public Administration,5.4732290655565064e-08,5.4732290655565064e-08,5.4732290655565064e-08,5.4732290655565064e-08,0.0021355250602161802,0.01099677952133021,67.17550339917221
CAF,"Education, Health and Other Services",1.6413231332427228e-06,1.6413231332427228e-06,1.6413231332427228e-06,1.6413231332427228e-06,0.0026732746091997096,0.32977367479674263,154.20517255707603
CAF,Private Households,2.0516228049472408e-07,2.0516228049472408e-07,2.0516228049472408e-07,2.0516228049472408e-07,0.037473712960944386,0.041221084257038826,28.759987959848946
CAF,Others,4.908556244361293e-08,4.908556244361293e-08,4.908556244361293e-08,4.908556244361293e-08,0.008965674748315954,0.009862242223147551,3.5208742677121663
CAF,Re-export & Re-import,0.0,0.0,0.0,0.0,,0.0,0.0002705117269998026
TCD,Agriculture,2.3747510807584397e-05,2.3747510807584397e-05,2.3747510807584397e-05,2.3747510807584397e-05,0.1890940275113446,4.771335849523029,76851.7837551882
TCD,Fishing,9.550863237655952e-07,9.550863237655952e-07,9.550863237655952e-07,9.550863237655952e-07,0.014543324099713437,0.19189538023145286,1158.5764624147514
TCD,Mining and Quarrying,4.705463717272069e-06,4.705463717272069e-06,4.705463717272069e-06,4.705463717272069e-06,0.016265390785709506,0.9454189916898443,373.2581877504618
TCD,Food & Beverages,5.009697380867492e-07,5.009697380867492e-07,5.009697380867492e-07,5.009697380867492e-07,0.007426198354592993,0.10065454397418633,447.7173299802214
TCD,Textiles and Wearing Apparel,3.3867562771299753e-07,3.3867562771299753e-07,3.3867562771299753e-07,3.3867562771299753e-07,0.005129901900833403,0.06804650714594682,107.13441026757499
TCD,Wood and Paper,4.1480198766512547e-07,4.1480198766512547e-07,4.1480198766512547e-07,4.1480198766512547e-07,0.0062016198309225255,0.08334177043801685,337.6242457012025
TCD,"Petroleum, Chemical and Non-Metallic Mineral Products",8.65990462754493e-07,8.65990462754493e-07,8.65990462754493e-07,8.65990462754493e-07,0.007197878378281982,0.17399429244457523,682.1933190584315
TCD,Metal Products,3.9826120340859476e-07,3.9826120340859476e-07,3.9826120340859476e-07,3.9826120340859476e-07,0.005937118550478262,0.08001840583185335,369.82073966187073
TCD,Electrical and Machinery,3.0542100500428285e-07,3.0542100500428285e-07,3.0542100500428285e-07,3.0542100500428285e-07,0.004415546115651862,0.06136500798681059,712.766285080755
TCD,Transport Equipment,2.5949480178788834e-07,2.5949480178788834e-07,2.5949480178788834e-07,2.5949480178788834e-07,0.0038511713131180137,0.05213754235412298,182.72267412219725
TCD,Other Manufacturing,3.1217427718903814e-07,3.1217427718903814e-07,3.1217427718903814e-07,3.1217427718903814e-07,0.004720469643110914,0.06272187144663977,117.30839110094932
TCD,Recycling,2.6303566663176514e-07,2.6303566663176514e-07,2.6303566663176514e-07,2.6303566663176514e-07,0.003999616364449596,0.05284897082781838,8.139619263291374
TCD,"Electricity, Gas and Water",2.416904143309706e-07,2.416904143309706e-07,2.416904143309706e-07,2.416904143309706e-07,0.001428260363546637,0.04856029533904388,190.18715000987018
TCD,Construction,3.7252516776447366e-07,3.7252516776447366e-07,3.7252516776447366e-07,3.7252516776447366e-07,0.005356433674742937,0.0748475367463162,506.78397412151367
TCD,Maintenance and Repair,2.170874767921051e-06,2.170874767921051e-06,2.170874767921051e-06,2.170874767921051e-06,0.03296505610991387,0.4361708765576645,939.4117969754376
TCD,Wholesale Trade,4.893701130280234e-07,4.893701130280234e-07,4.893701130280234e-07,4.893701130280234e-07,0.007134762948942838,0.09832395415649278,2967.2337542581427
TCD,Retail Trade,2.9444002539933455e-07,2.9444002539933455e-07,2.9444002539933455e-07,2.9444002539933455e-07,0.004345968655483054,0.059158716048405086,1664.7189475141283
TCD,Hotels and Restraurants,4.354172404608089e-07,4.354172404608089e-07,4.354172404608089e-07,4.354172404608089e-07,0.0064119942550526264,0.08748377485725937,1505.7286109140084
TCD,Transport,5.920471694520049e-06,5.920471694520049e-06,5.920471694520049e-06,5.920471694520049e-06,0.014337640400055585,1.1895376770658397,2471.5081145211816
TCD,Post and Telecommunications,5.720173405912702e-07,5.720173405912702e-07,5.720173405912702e-07,5.720173405912702e-07,0.008253314579761814,0.1149293863186824,1116.062717362871
TCD,Finacial Intermediation and Business Activities,5.194060692427295e-07,5.194060692427295e-07,5.194060692427295e-07,5.194060692427295e-07,0.005587112053236886,0.10435876074414412,2245.270372386094
TCD,Public Administration,2.3659110881507675e-07,2.3659110881507675e-07,2.3659110881507675e-07,2.3659110881507675e-07,0.0031759691037355027,0.047535745885722465,267.1790360455699
TCD,"Education, Health and Other Services",5.406030493332229e-07,5.406030493332229e-07,5.406030493332229e-07,5.406030493332229e-07,0.0037579345521885086,0.1086176454679736,813.3448068683675
TCD,Private Households,2.6643950094230805e-06,2.6643950094230805e-06,2.6643950094230805e-06,2.6643950094230805e-06,0.040440590121230136,0.535328672076673,155.793329383027
TCD,Others,4.850508290010036e-07,4.850508290010036e-07,4.850508290010036e-07,4.850508290010036e-07,0.007358194804372288,0.09745612616014507,9.984113784208624
TCD,Re-export & Re-import,0.0,0.0,0.0,0.0,,0.0,0.07079571640675408
AFG,Agriculture,7.415605731649531e-06,7.415605731649531e-06,7.415605731649531e-06,7.415605731649531e-06,0.024963744543610764,1.4899391249902103,7717.167169489115
AFG,Fishing,3.213078998561396e-07,3.213078998561396e-07,3.213078998561396e-07,3.213078998561396e-07,0.00371683457415229,0.06455699351988203,306.52325881230786
AFG,Mining and Quarrying,4.845281558524941e-07,4.845281558524941e-07,4.845281558524941e-07,4.845281558524941e-07,0.002336060369248432,0.09735111097976375,18.77213727581024
AFG,Food & Beverages,1.0312885637869435e-07,1.0312885637869435e-07,1.0312885637869435e-07,1.0312885637869435e-07,0.0010985262528236497,0.020720588930222657,108.74080686188213
AFG,Textiles and Wearing Apparel,5.329874067332656e-07,5.329874067332656e-07,5.329874067332656e-07,5.329874067332656e-07,0.006082551439535548,0.1070875150535166,204.89926081277028
AFG,Wood and Paper,1.0384682657406384e-07,1.0384682657406384e-07,1.0384682657406384e-07,1.0384682657406384e-07,0.0011559642763600436,0.02086484307794417,127.05318957900876
AFG,"Petroleum, Chemical and Non-Metallic Mineral Products",6.050830056135638e-07,6.050830056135638e-07,6.050830056135638e-07,6.050830056135638e-07,0.001449533264493401,0.12157292021103469,263.47296428737855
AFG,Metal Products,2.892999379110289e-07,2.892999379110289e-07,2.892999379110289e-07,2.892999379110289e-07,0.0010721338529155982,0.058125972705266794,124.16918217542
AFG,Electrical and Machinery,5.965666363263595e-08,5.965666363263595e-08,5.965666363263595e-08,5.965666363263595e-08,0.0006176037395861117,0.011986181632241839,188.8502538869017
AFG,Transport Equipment,3.8092303299518283e-08,3.8092303299518283e-08,3.8092303299518283e-08,3.8092303299518283e-08,0.00041470874615484344,0.007653483086987328,32.85111185578131
AFG,Other Manufacturing,9.047863850610842e-08,9.047863850610842e-08,9.047863850610842e-08,9.047863850610842e-08,0.0010301728688344202,0.018178914624700532,43.36687820746194
AFG,Recycling,1.47101322631063e-07,1.47101322631063e-07,1.47101322631063e-07,1.47101322631063e-07,0.0016960718659337457,0.02955551088570022,4.022302272936515
AFG,"Electricity, Gas and Water",2.0489201035503607e-07,2.0489201035503607e-07,2.0489201035503607e-07,2.0489201035503607e-07,0.0008233822382378085,0.04116678174015621,45.7833459749751
AFG,Construction,4.140241634261562e-08,4.140241634261562e-08,4.140241634261562e-08,4.140241634261562e-08,0.0004372267339888847,0.008318549045119663,528.2529677380306
AFG,Maintenance and Repair,3.6434437901492133e-07,3.6434437901492133e-07,3.6434437901492133e-07,3.6434437901492133e-07,0.004196236970635819,0.07320385750117833,61.58061679147477
AFG,Wholesale Trade,1.086117489600531e-07,1.086117489600531e-07,1.086117489600531e-07,1.086117489600531e-07,0.0010861948487243358,0.021822208470244752,420.49969798150073
AFG,Retail Trade,2.670771155192665e-08,2.670771155192665e-08,2.670771155192665e-08,2.670771155192665e-08,0.00026755826043418034,0.005366097635198438,92.65435535531492
AFG,Hotels and Restraurants,5.5451069817293776e-08,5.5451069817293776e-08,5.5451069817293776e-08,5.5451069817293776e-08,0.000556196870859609,0.011141196206094956,104.25743485202113
AFG,Transport,2.3415849934294167e-06,2.3415849934294167e-06,2.3415849934294167e-06,2.3415849934294167e-06,0.0020427513105137737,0.4704698742693779,2433.2640785446924
AFG,Post and Telecommunications,7.27341406870533e-08,7.27341406870533e-08,7.27341406870533e-08,7.27341406870533e-08,0.0007489132029173269,0.014613700600298412,834.716188575565
AFG,Finacial Intermediation and Business Activities,1.6974593545314475e-07,1.6974593545314475e-07,1.6974593545314475e-07,1.6974593545314475e-07,0.0008813059387561482,0.03410525312319235,708.1707431696865
AFG,Public Administration,1.4684049052421036e-08,1.4684049052421036e-08,1.4684049052421036e-08,1.4684049052421036e-08,0.00014201622883483906,0.002950310465280211,39.36945492513642
AFG,"Education, Health and Other Services",8.824520648967075e-08,8.824520648967075e-08,8.824520648967075e-08,8.824520648967075e-08,0.0002454192292542985,0.017730174782708413,140.79799350010808
AFG,Private Households,4.074177468200957e-07,4.074177468200957e-07,4.074177468200957e-07,4.074177468200957e-07,0.004697503548028943,0.0818581331275266,20.89820680943568
AFG,Others,1.0448323155387965e-07,1.0448323155387965e-07,1.0448323155387965e-07,1.0448323155387965e-07,0.001195421267023875,0.020992709190717575,3.328016944756457
AFG,Re-export & Re-import,0.0,0.0,0.0,0.0,,0.0,0.003078831395897444
SOM,Agriculture,1.3591124821337922e-08,1.3591124821337922e-08,1.3591124821337922e-08,1.3591124821337922e-08,0.0003944480952460874,0.002730720774098186,9.297338828997905
SOM,Fishing,1.8312387969380576e-08,1.8312387969380576e-08,1.8312387969380576e-08,1.8312387969380576e-08,0.0007366057762037867,0.0036793141780895374,24.022113912980274
SOM,Mining and Quarrying,2.7312840558242926e-09,2.7312840558242926e-09,2.7312840558242926e-09,2.7312840558242926e-09,8.164140635890216e-05,0.0005487679797843499,0.07947709267632767
SOM,Food & Beverages,5.10208097012714e-09,5.10208097012714e-09,5.10208097012714e-09,5.10208097012714e-09,0.00012452014293991948,0.0010251070959471694,0.19415554247621064
SOM,Textiles and Wearing Apparel,6.6900016388652e-09,6.6900016388652e-09,6.6900016388652e-09,6.6900016388652e-09,0.00025012731594963126,0.0013441511791076129,0.23193380536940292
SOM,Wood and Paper,2.1609358564278043e-09,2.1609358564278043e-09,2.1609358564278043e-09,2.1609358564278043e-09,6.824981943506813e-05,0.00043417395632896333,0.2420862045253528
SOM,"Petroleum, Chemical and Non-Metallic Mineral Products",6.7030900393874864e-09,6.7030900393874864e-09,6.7030900393874864e-09,6.7030900393874864e-09,7.884022053402325e-05,0.0013467808928123838,0.3250968609698396
SOM,Metal Products,2.4578385777347015e-09,2.4578385777347015e-09,2.4578385777347015e-09,2.4578385777347015e-09,7.685528351220533e-05,0.0004938274757849944,0.33323989799191167
SOM,Electrical and Machinery,2.2548019716211148e-09,2.2548019716211148e-09,2.2548019716211148e-09,2.2548019716211148e-09,5.1168888990860264e-05,0.00045303348076948963,0.34493562095406793
SOM,Transport Equipment,1.764317212461101e-09,1.764317212461101e-09,1.764317212461101e-09,1.764317212461101e-09,5.249445010681619e-05,0.0003544855725703105,0.09481022633792072
SOM,Other Manufacturing,2.5270456626354425e-09,2.5270456626354425e-09,2.5270456626354425e-09,2.5270456626354425e-09,9.306698531760068e-05,0.0005077325224192896,0.11220993352757797
SOM,Recycling,6.804849997361834e-09,6.804849997361834e-09,6.804849997361834e-09,6.804849997361834e-09,0.00026993718503991805,0.0013672264434834843,0.013929811503081431
SOM,"Electricity, Gas and Water",2.768177194309115e-08,2.768177194309115e-08,2.768177194309115e-08,2.768177194309115e-08,6.233799719976102e-05,0.0055618052738482665,0.10024199301710371
SOM,Construction,1.4134915387667832e-09,1.4134915387667832e-09,1.4134915387667832e-09,1.4134915387667832e-09,3.4671646727460946e-05,0.0002839978853599035,0.9579567960917096
SOM,Maintenance and Repair,1.6958113931862653e-08,1.6958113931862653e-08,1.6958113931862653e-08,1.6958113931862653e-08,0.0006639123741656382,0.0034072142381150346,1.3139489797112143
SOM,Wholesale Trade,2.8007731539546577e-09,2.8007731539546577e-09,2.8007731539546577e-09,2.8007731539546577e-09,6.689518900135922e-05,0.0005627296883502239,2.1941287516500814
SOM,Retail Trade,1.9288036980690194e-09,1.9288036980690194e-09,1.9288036980690194e-09,1.9288036980690194e-09,4.7437916898052424e-05,0.0003875341001360907,1.0569926891556447
SOM,Hotels and Restraurants,2.3712849985230227e-09,2.3712849985230227e-09,2.3712849985230227e-09,2.3712849985230227e-09,6.159076129963214e-05,0.0004764371817561433,0.8309455969978569
SOM,Transport,1.1142655341545892e-07,1.1142655341545892e-07,1.1142655341545892e-07,1.1142655341545892e-07,7.424240141990907e-05,0.022387757319397635,1.9522930362182127
SOM,Post and Telecommunications,2.466311394773568e-09,2.466311394773568e-09,2.466311394773568e-09,2.466311394773568e-09,6.374554633676083e-05,0.0004955298291815906,1.653400108109734
SOM,Finacial Intermediation and Business Activities,7.379226393356751e-09,7.379226393356751e-09,7.379226393356751e-09,7.379226393356751e-09,4.188321906889823e-05,0.0014826298098209408,1.8834716082407261
SOM,Public Administration,1.679379651970071e-09,1.679379651970071e-09,1.679379651970071e-09,1.679379651970071e-09,2.8348211040413464e-05,0.0003374199680686189,0.30775951833914467
SOM,"Education, Health and Other Services",3.2591630760447546e-09,3.2591630760447546e-09,3.2591630760447546e-09,3.2591630760447546e-09,2.557477595770242e-05,0.0006548291208360081,0.5496991194796643
SOM,Private Households,4.4713023330309467e-08,4.4713023330309467e-08,4.4713023330309467e-08,4.4713023330309467e-08,0.0017522589521471567,0.008983714246308677,0.4878709464926198
SOM,Others,4.070257392054292e-09,4.070257392054292e-09,4.070257392054292e-09,4.070257392054292e-09,0.0001548808020172391,0.0008177937118905229,0.031031762611372013
SOM,Re-export & Re-import,0.0,0.0,0.0,0.0,,0.0,0.0047190770784501625
COD,Agriculture,2.2551768263128873e-05,2.2551768263128873e-05,2.2551768263128873e-05,2.2551768263128873e-05,0.19072322575400688,4.531087963528243,165174.5146016774
COD,Fishing,6.658802642750467e-07,6.658802642750467e-07,6.658802642750467e-07,6.658802642750467e-07,0.03457837677840259,0.13378826952299758,5725.729675605349
COD,Mining and Quarrying,0.00015345375922770535,0.00015345375922770535,0.00015345375922770535,0.00015345375922770535,0.26072741991095216,30.831838695842812,188125.78401738824
COD,Food & Beverages,1.0281382587060045e-05,1.0281382587060045e-05,1.0281382587060045e-05,1.0281382587060045e-05,0.025260702582345394,2.06572931865491,7778.932317422933
COD,Textiles and Wearing Apparel,1.5705428685904994e-06,1.5705428685904994e-06,1.5705428685904994e-06,1.5705428685904994e-06,0.017349300415416484,0.31555254581567815,2002.9246850585873
COD,Wood and Paper,1.3870412809102219e-05,1.3870412809102219e-05,1.3870412809102219e-05,1.3870412809102219e-05,0.05672946873672509,2.78683515169162,22292.922600002123
COD,"Petroleum, Chemical and Non-Metallic Mineral Products",8.188591311230009e-05,8.188591311230009e-05,8.188591311230009e-05,8.188591311230009e-05,0.03738419724766481,16.45246931223054,16471.215617940383
COD,Metal Products,2.3175932076501526e-05,2.3175932076501526e-05,2.3175932076501526e-05,2.3175932076501526e-05,0.06473782420553457,4.656494588367794,29474.937147307268
COD,Electrical and Machinery,1.619294882072658e-05,1.619294882072658e-05,1.619294882072658e-05,1.619294882072658e-05,0.024605226279517386,3.2534777157843733,27456.479900787857
COD,Transport Equipment,5.7543246635321555e-06,5.7543246635321555e-06,5.7543246635321555e-06,5.7543246635321555e-06,0.01725118606397299,1.1561555137027992,4431.622685601894
COD,Other Manufacturing,2.7812944028774492e-06,2.7812944028774492e-06,2.7812944028774492e-06,2.7812944028774492e-06,0.02467985254278216,0.5588160291851993,4058.8238693334115
COD,Recycling,1.2226366629421437e-06,1.2226366629421437e-06,1.2226366629421437e-06,1.2226366629421437e-06,0.030046679583206625,0.24565143640123904,516.3762259810724
COD,"Electricity, Gas and Water",1.2489265614958939e-06,1.2489265614958939e-06,1.2489265614958939e-06,1.2489265614958939e-06,0.012953660715553716,0.25093358729554543,10145.242304118092
COD,Construction,1.5561773054111514e-05,1.5561773054111514e-05,1.5561773054111514e-05,1.5561773054111514e-05,0.027418900770387097,3.126662253439629,7476.229416359139
COD,Maintenance and Repair,1.0177574136310946e-06,1.0177574136310946e-06,1.0177574136310946e-06,1.0177574136310946e-06,0.042858655810384366,0.20448721860250585,2296.199629562733
COD,Wholesale Trade,9.02820838102673e-06,9.02820838102673e-06,9.02820838102673e-06,9.02820838102673e-06,0.04757008017221669,1.8139422971269668,46922.41353067196
COD,Retail Trade,1.6918544112661057e-06,1.6918544112661057e-06,1.6918544112661057e-06,1.6918544112661057e-06,0.010180423877081943,0.3399263893405415,8703.447980994895
COD,Hotels and Restraurants,8.70688806375311e-06,8.70688806375311e-06,8.70688806375311e-06,8.70688806375311e-06,0.04919870094092376,1.7493828087068966,23179.279166503056
COD,Transport,0.0005715383699577425,0.0005715383699577425,0.0005715383699577425,0.0005715383699577425,0.15983046357649813,114.83315182180662,138790.5411817515
COD,Post and Telecommunications,1.0665481866351896e-05,1.0665481866351896e-05,1.0665481866351896e-05,1.0665481866351896e-05,0.05429068805259738,2.1429023190552656,36866.68891968483
COD,Finacial Intermediation and Business Activities,0.00010700063823244855,0.00010700063823244855,0.00010700063823244855,0.00010700063823244855,0.03768253053325355,21.498505054149643,56105.14288565588
COD,Public Administration,1.277418950137401e-06,1.277418950137401e-06,1.277418950137401e-06,1.277418950137401e-06,0.004929744256937785,0.2566582611978033,1524.838915090454
COD,"Education, Health and Other Services",1.4349572762887308e-05,1.4349572762887308e-05,1.4349572762887308e-05,1.4349572762887308e-05,0.017027223326115816,2.883107686681705,11523.68420264866
COD,Private Households,9.900372841128773e-07,9.900372841128773e-07,9.900372841128773e-07,9.900372841128773e-07,0.044187830778852105,0.1989177065473118,415.9130965445598
COD,Others,1.2067049853298478e-06,1.2067049853298478e-06,1.2067049853298478e-06,1.2067049853298478e-06,0.037335797200148846,0.2424504531423826,186.65770459634018
COD,Re-export & Re-import,0.0,0.0,0.0,0.0,,0.0,0.2659915972718471
BDI,Agriculture,5.312114307954221e-06,5.312114307954221e-06,5.312114307954221e-06,5.312114307954221e-06,0.018090511130639742,1.0673068701672646,1604.1507477938967
BDI,Fishing,5.1568499257552265e-08,5.1568499257552265e-08,5.1568499257552265e-08,5.1568499257552265e-08,0.009419193110664813,0.010361112421731296,525.8104427745751
BDI,Mining and Quarrying,1.0763656909500713e-07,1.0763656909500713e-07,1.0763656909500713e-07,1.0763656909500713e-07,0.007650200717949287,0.021626275907563663,17.253650683205386
BDI,Food & Beverages,1.0703876064775423e-08,1.0703876064775423e-08,1.0703876064775423e-08,1.0703876064775423e-08,0.0019551058715748296,0.0021506164587323127,14.938357881883082
BDI,Textiles and Wearing Apparel,4.717039414192151e-08,4.717039414192151e-08,4.717039414192151e-08,4.717039414192151e-08,0.00861586158072773,0.009477447738800503,86.23702014766194
BDI,Wood and Paper,2.3482660453417587e-08,2.3482660453417587e-08,2.3482660453417587e-08,2.3482660453417587e-08,0.004289202066133789,0.0047181222727471685,76.15692728523851
BDI,"Petroleum, Chemical and Non-Metallic Mineral Products",1.0177507001026182e-06,1.0177507001026182e-06,1.0177507001026182e-06,1.0177507001026182e-06,0.003954804537140113,0.20448586972432836,134.019229713243
BDI,Metal Products,3.512304890457785e-08,3.512304890457785e-08,3.512304890457785e-08,3.512304890457785e-08,0.006415365679254132,0.007056902247179546,178.3324105422026
BDI,Electrical and Machinery,1.9453578470353853e-08,1.9453578470353853e-08,1.9453578470353853e-08,1.9453578470353853e-08,0.0035532740906532986,0.003908601499718629,146.99575118364538
BDI,Transport Equipment,2.0631182810377523e-08,2.0631182810377523e-08,2.0631182810377523e-08,2.0631182810377523e-08,0.0037683682439898533,0.004145205068388839,58.414983497384306
BDI,Other Manufacturing,4.099937467891115e-08,4.099937467891115e-08,4.099937467891115e-08,4.099937467891115e-08,0.0074887001382071185,0.008237570152027831,84.47478416901774
BDI,Recycling,4.745838921760629e-08,4.745838921760629e-08,4.745838921760629e-08,4.745838921760629e-08,0.00866846503577976,0.009535311539357737,9.459722524245736
BDI,"Electricity, Gas and Water",1.554436785312822e-08,1.554436785312822e-08,1.554436785312822e-08,1.554436785312822e-08,0.0028392411006682963,0.003123165210735126,15.842255531453931
BDI,Construction,2.8152430705511527e-08,2.8152430705511527e-08,2.8152430705511527e-08,2.8152430705511527e-08,0.00514215432226269,0.00565636975448896,358.6688634858482
BDI,Maintenance and Repair,1.917911208841823e-07,1.917911208841823e-07,1.917911208841823e-07,1.917911208841823e-07,0.035031417057466645,0.03853455876321331,89.1080143123956
BDI,Wholesale Trade,3.28984197719628e-08,3.28984197719628e-08,3.28984197719628e-08,3.28984197719628e-08,0.006009028250370294,0.006609931075407324,242.27560641537974
BDI,Retail Trade,1.8709616471516557e-08,1.8709616471516557e-08,1.8709616471516557e-08,1.8709616471516557e-08,0.003417386449264968,0.003759125094191465,122.26417673399767
BDI,Hotels and Restraurants,2.4026897308973248e-08,2.4026897308973248e-08,2.4026897308973248e-08,2.4026897308973248e-08,0.004388609109468855,0.004827470020415741,62.87428612862745
BDI,Transport,5.542389778229839e-06,5.542389778229839e-06,5.542389778229839e-06,5.542389778229839e-06,0.009229480014643245,1.113573681686766,275.36707392489
BDI,Post and Telecommunications,4.273098567880262e-08,4.273098567880262e-08,4.273098567880262e-08,4.273098567880262e-08,0.007804985828800304,0.008585484411680335,220.7991466038462
BDI,Finacial Intermediation and Business Activities,1.2838066002526064e-08,1.2838066002526064e-08,1.2838066002526064e-08,1.2838066002526064e-08,0.0023449242189754857,0.0025794166408730345,374.4210848164728
BDI,Public Administration,6.738590326797262e-08,6.738590326797262e-08,6.738590326797262e-08,6.738590326797262e-08,0.001933888763728107,0.013539135895972838,142.0930570815518
BDI,"Education, Health and Other Services",6.824680127459576e-07,6.824680127459576e-07,6.824680127459576e-07,6.824680127459576e-07,0.0017783023177676666,0.13712107015138392,232.74776395406778
BDI,Private Households,2.0555335244206202e-07,2.0555335244206202e-07,2.0555335244206202e-07,2.0555335244206202e-07,0.03754514381980538,0.041299658201785924,82.82721542655807
BDI,Others,3.23797081623072e-08,3.23797081623072e-08,3.23797081623072e-08,3.23797081623072e-08,0.005914283495521249,0.006505711845073375,7.964588154913602
BDI,Re-export & Re-import,0.0,0.0,0.0,0.0,,0.0,0.01853069051155181
SLE,Agriculture,7.750596740192683e-06,7.750596740192683e-06,7.750596740192683e-06,7.750596740192683e-06,0.04709919277466933,1.5572453206281693,12635.347544853312
SLE,Fishing,2.770824572513632e-06,2.770824572513632e-06,2.770824572513632e-06,2.770824572513632e-06,0.026569860278708085,0.5567124370505092,1615.5883252049289
SLE,Mining and Quarrying,5.7161389640329814e-06,5.7161389640329814e-06,5.7161389640329814e-06,5.7161389640329814e-06,0.0351099265632865,1.148483265506524,88.33622413396319
SLE,Food & Beverages,9.429851290488245e-06,9.429851290488245e-06,9.429851290488245e-06,9.429851290488245e-06,0.04675999430733232,1.8946401533422137,207.12432998421463
SLE,Textiles and Wearing Apparel,1.1409064899361119e-05,1.1409064899361119e-05,1.1409064899361119e-05,1.1409064899361119e-05,0.09588764818864523,2.2923025829920176,131.95482817832223
SLE,Wood and Paper,3.534278131101182e-06,3.534278131101182e-06,3.534278131101182e-06,3.534278131101182e-06,0.027165250275580262,0.7101050752537231,125.95059629271685
SLE,"Petroleum, Chemical and Non-Metallic Mineral Products",2.221894393216606e-05,2.221894393216606e-05,2.221894393216606e-05,2.221894393216606e-05,0.033069736635094125,4.46421709547039,273.43447178834504
SLE,Metal Products,9.623067253924325e-06,9.623067253924325e-06,9.623067253924325e-06,9.623067253924325e-06,0.07684026879453695,1.9334609906296425,285.77203325763475
SLE,Electrical and Machinery,8.610942852158065e-06,8.610942852158065e-06,8.610942852158065e-06,8.610942852158065e-06,0.050383254951234746,1.730105553444955,791.2135974286955
SLE,Transport Equipment,2.0113713111398686e-06,2.0113713111398686e-06,2.0113713111398686e-06,2.0113713111398686e-06,0.014693814384463816,0.4041235362014768,69.47720336849179
SLE,Other Manufacturing,5.977374185198543e-06,5.977374185198543e-06,5.977374185198543e-06,5.977374185198543e-06,0.05014230962131241,1.2009704918943624,101.01569411690353
SLE,Recycling,3.642779867368247e-06,3.642779867368247e-06,3.642779867368247e-06,3.642779867368247e-06,0.033266769057289924,0.7319051800386509,2.6762649971822947
SLE,"Electricity, Gas and Water",1.3109325293132706e-05,1.3109325293132706e-05,1.3109325293132706e-05,1.3109325293132706e-05,0.011468287400296678,2.63391789737417,173.9773603487207
SLE,Construction,3.0693909305995627e-06,3.0693909305995627e-06,3.0693909305995627e-06,3.0693909305995627e-06,0.016571547933753438,0.6167002134258739,401.75895095112503
SLE,Maintenance and Repair,4.24787024115019e-06,4.24787024115019e-06,4.24787024115019e-06,4.24787024115019e-06,0.04011653017590712,0.8534795806577257,133.2735318891916
SLE,Wholesale Trade,5.495767659958123e-06,5.495767659958123e-06,5.495767659958123e-06,5.495767659958123e-06,0.01570927332884819,1.1042063932120725,1031.3499253675407
SLE,Retail Trade,6.565452785954003e-07,6.565452785954003e-07,6.565452785954003e-07,6.565452785954003e-07,0.005611421940130376,0.13191268971217146,503.0039347179287
SLE,Hotels and Restraurants,2.2585840583391035e-06,2.2585840583391035e-06,2.2585840583391035e-06,2.2585840583391035e-06,0.012241096897052436,0.4537933753997,176.78102494847246
SLE,Transport,0.0001831848565470039,0.0001831848565470039,0.0001831848565470039,0.0001831848565470039,0.10367214975612472,36.805393214235586,2906.5627577776877
SLE,Post and Telecommunications,3.0505265359255805e-06,3.0505265359255805e-06,3.0505265359255805e-06,3.0505265359255805e-06,0.026283333507150435,0.6129099903866334,797.9304652768786
SLE,Finacial Intermediation and Business Activities,1.5038772023809067e-06,1.5038772023809067e-06,1.5038772023809067e-06,1.5038772023809067e-06,0.008562034031979303,0.30215811952420435,1051.5804577736665
SLE,Public Administration,1.4973916207899615e-06,1.4973916207899615e-06,1.4973916207899615e-06,1.4973916207899615e-06,0.010248781827424891,0.30085504030042315,489.61402936338663
SLE,"Education, Health and Other Services",2.2013149420105746e-06,2.2013149420105746e-06,2.2013149420105746e-06,2.2013149420105746e-06,0.009848148285354979,0.4422868983620501,799.7464563274499
SLE,Private Households,4.694069094619643e-06,4.694069094619643e-06,4.694069094619643e-06,4.694069094619643e-06,0.04387298171704369,0.943129590834579,37.52521935731322
SLE,Others,1.9587901222244715e-06,1.9587901222244715e-06,1.9587901222244715e-06,1.9587901222244715e-06,0.018637279335070502,0.3935589547716434,11.154486231157033
SLE,Re-export & Re-import,0.0,0.0,0.0,0.0,,0.0,0.12969467347130142
YEM,Agriculture,4.943730139135367e-06,4.943730139135367e-06,4.943730139135367e-06,4.943730139135367e-06,0.0024043698295407516,0.9932913404840117,1343.922516221803
YEM,Fishing,8.652484000779941e-06,8.652484000779941e-06,8.652484000779941e-06,8.652484000779941e-06,0.06194355183119634,1.7384519764977084,7662.54124862265
YEM,Mining and Quarrying,0.00034240952524428346,0.00034240952524428346,0.00034240952524428346,0.00034240952524428346,0.02612935278009196,68.79671963321853,2396.623431019205
YEM,Food & Beverages,1.1211603857026803e-06,1.1211603857026803e-06,1.1211603857026803e-06,1.1211603857026803e-06,0.0008004087721059729,0.22526288269589004,96.48047298088186
YEM,Textiles and Wearing Apparel,6.124485918807716e-07,6.124485918807716e-07,6.124485918807716e-07,6.124485918807716e-07,0.001872456863790261,0.12305280945476371,90.56530837662994
YEM,Wood and Paper,1.3756436071290814e-06,1.3756436071290814e-06,1.3756436071290814e-06,1.3756436071290814e-06,0.0019515759224867006,0.276393501282917,310.7338215301774
YEM,"Petroleum, Chemical and Non-Metallic Mineral Products",7.239045410457285e-05,7.239045410457285e-05,7.239045410457285e-05,7.239045410457285e-05,0.0028854471221336983,14.544647295079349,744.5376918184024
YEM,Metal Products,3.2377610748151864e-06,3.2377610748151864e-06,3.2377610748151864e-06,3.2377610748151864e-06,0.003523901021999277,0.6505290433859722,579.0262725287893
YEM,Electrical and Machinery,3.926473396908174e-06,3.926473396908174e-06,3.926473396908174e-06,3.926473396908174e-06,0.0018194389281595792,0.7889047164843515,704.1992816327397
YEM,Transport Equipment,1.1086565247309601e-06,1.1086565247309601e-06,1.1086565247309601e-06,1.1086565247309601e-06,0.0008775624134553373,0.22275061433247215,89.70530746581805
YEM,Other Manufacturing,6.077766821848552e-07,6.077766821848552e-07,6.077766821848552e-07,6.077766821848552e-07,0.001835218166064752,0.12211413211723235,105.72269754520842
YEM,Recycling,4.299276127203643e-07,4.299276127203643e-07,4.299276127203643e-07,4.299276127203643e-07,0.0016917277298010129,0.08638080209305057,6.50327206979186
YEM,"Electricity, Gas and Water",3.704573273744848e-05,3.704573273744848e-05,3.704573273744848e-05,3.704573273744848e-05,0.0017826062723345299,7.443206747613506,394.6779417262266
YEM,Construction,2.518167106252742e-06,2.518167106252742e-06,2.518167106252742e-06,2.518167106252742e-06,0.0018298800117518544,0.5059486481133031,1317.7277044227098
YEM,Maintenance and Repair,2.885781098288463e-07,2.885781098288463e-07,2.885781098288463e-07,2.885781098288463e-07,0.002505204043916174,0.057980943433204715,139.13402219101644
YEM,Wholesale Trade,1.4696046731885055e-06,1.4696046731885055e-06,1.4696046731885055e-06,1.4696046731885055e-06,0.0014909057928924492,0.29527210319539815,1616.469878769851
YEM,Retail Trade,2.2672601988017603e-07,2.2672601988017603e-07,2.2672601988017603e-07,2.2672601988017603e-07,0.000317666693922593,0.04555365804185498,308.7072224872002
YEM,Hotels and Restraurants,3.2957923418634507e-07,3.2957923418634507e-07,3.2957923418634507e-07,3.2957923418634507e-07,0.0003715531160027632,0.06621886512962127,200.8110832873174
YEM,Transport,0.00011180137694377057,0.00011180137694377057,0.00011180137694377057,0.00011180137694377057,0.0034599789872998858,22.463066641388,3049.577039700297
YEM,Post and Telecommunications,8.76884607378798e-07,8.76884607378798e-07,8.76884607378798e-07,8.76884607378798e-07,0.0010351243769267519,0.17618313754994244,919.6800605412421
YEM,Finacial Intermediation and Business Activities,3.3892345118900343e-06,3.3892345118900343e-06,3.3892345118900343e-06,3.3892345118900343e-06,0.0021032747231886388,0.6809629969241625,2716.1900102730406
YEM,Public Administration,1.7065891733365653e-07,1.7065891733365653e-07,1.7065891733365653e-07,1.7065891733365653e-07,0.0001239820137978065,0.0342886889035462,51.18076715184491
YEM,"Education, Health and Other Services",2.3944386965996205e-07,2.3944386965996205e-07,2.3944386965996205e-07,2.3944386965996205e-07,0.00026274747709788623,0.048108920910237864,253.76755657311185
YEM,Private Households,2.3831610363319676e-07,2.3831610363319676e-07,2.3831610363319676e-07,2.3831610363319676e-07,0.002651673597862374,0.047882330826040036,32.843894350483154
YEM,Others,3.870146196916763e-07,3.870146196916763e-07,3.870146196916763e-07,3.870146196916763e-07,0.002715732322557747,0.0777587488720992,10.914528204359584
YEM,Re-export & Re-import,0.0,0.0,0.0,0.0,,0.0,0.003885110018697701
